id	email	status	is_guest	gi	user_id	used_at	expires_at
2bed3bc8-beec-4ef8-8882-fc520a491d14	guest+09cf7e06-7599-46ea-9d4e-22d354d25f54@guest.local	active	t	9526345b-df22-4a0b-95cb-2e6b65c18d58	33b2d0e9-f3c4-41ac-9c8c-8a717c6e62b8		2026-07-13 23:31:56.096
2bed3bc8-beec-4ef8-8882-fc520a491d14	guest+09cf7e06-7599-46ea-9d4e-22d354d25f54@guest.local	active	t	9526345b-df22-4a0b-95cb-2e6b65c18d58	33b2d0e9-f3c4-41ac-9c8c-8a717c6e62b8		2026-07-13 23:31:56.206
7e6593b2-4109-49ae-a725-487666cc4873	guest+368f0811-52c3-4c2d-a6d6-e736c182de51@guest.local	active	t	9526345b-df22-4a0b-95cb-2e6b65c18d58	33b2d0e9-f3c4-41ac-9c8c-8a717c6e62b8		2026-07-13 23:31:56.096
7e6593b2-4109-49ae-a725-487666cc4873	guest+368f0811-52c3-4c2d-a6d6-e736c182de51@guest.local	active	t	9526345b-df22-4a0b-95cb-2e6b65c18d58	33b2d0e9-f3c4-41ac-9c8c-8a717c6e62b8		2026-07-13 23:31:56.206
2580f215-ff40-4495-94ba-c3759946f898	phase456_smoke_1773282595@example.com	active	f	9526345b-df22-4a0b-95cb-2e6b65c18d58	33b2d0e9-f3c4-41ac-9c8c-8a717c6e62b8		2026-07-13 23:31:56.096
2580f215-ff40-4495-94ba-c3759946f898	phase456_smoke_1773282595@example.com	active	f	9526345b-df22-4a0b-95cb-2e6b65c18d58	33b2d0e9-f3c4-41ac-9c8c-8a717c6e62b8		2026-07-13 23:31:56.206
3863a484-dee6-4f53-b157-1d4436596e18	phase456_smoke_1773282604@example.com	active	f	9526345b-df22-4a0b-95cb-2e6b65c18d58	33b2d0e9-f3c4-41ac-9c8c-8a717c6e62b8		2026-07-13 23:31:56.096
3863a484-dee6-4f53-b157-1d4436596e18	phase456_smoke_1773282604@example.com	active	f	9526345b-df22-4a0b-95cb-2e6b65c18d58	33b2d0e9-f3c4-41ac-9c8c-8a717c6e62b8		2026-07-13 23:31:56.206
4df156d4-597c-43ec-b00e-c31c28b5bf57	guest+0ad25d4f-ed5c-4007-ac0e-49b256488b54@guest.local	active	t	9526345b-df22-4a0b-95cb-2e6b65c18d58	33b2d0e9-f3c4-41ac-9c8c-8a717c6e62b8		2026-07-13 23:31:56.096
4df156d4-597c-43ec-b00e-c31c28b5bf57	guest+0ad25d4f-ed5c-4007-ac0e-49b256488b54@guest.local	active	t	9526345b-df22-4a0b-95cb-2e6b65c18d58	33b2d0e9-f3c4-41ac-9c8c-8a717c6e62b8		2026-07-13 23:31:56.206
4c68b194-b6e0-4cee-ab50-6d9d6b66774c	69mkyypvtyho@teacher.unbox.edu.pl	active	f	9526345b-df22-4a0b-95cb-2e6b65c18d58	33b2d0e9-f3c4-41ac-9c8c-8a717c6e62b8		2026-07-13 23:31:56.096
4c68b194-b6e0-4cee-ab50-6d9d6b66774c	69mkyypvtyho@teacher.unbox.edu.pl	active	f	9526345b-df22-4a0b-95cb-2e6b65c18d58	33b2d0e9-f3c4-41ac-9c8c-8a717c6e62b8		2026-07-13 23:31:56.206
a1756976-e9e5-4dc7-94bd-ac0986507444	e2e_auth_1776902319@example.com	active	f	9526345b-df22-4a0b-95cb-2e6b65c18d58	33b2d0e9-f3c4-41ac-9c8c-8a717c6e62b8		2026-07-13 23:31:56.096
a1756976-e9e5-4dc7-94bd-ac0986507444	e2e_auth_1776902319@example.com	active	f	9526345b-df22-4a0b-95cb-2e6b65c18d58	33b2d0e9-f3c4-41ac-9c8c-8a717c6e62b8		2026-07-13 23:31:56.206
2e6f65f2-5690-4146-ae16-39b7d519ee5c	guest+da168766-1ad2-4999-ae0e-a42c7725651a@guest.local	active	t	9526345b-df22-4a0b-95cb-2e6b65c18d58	33b2d0e9-f3c4-41ac-9c8c-8a717c6e62b8		2026-07-13 23:31:56.096
2e6f65f2-5690-4146-ae16-39b7d519ee5c	guest+da168766-1ad2-4999-ae0e-a42c7725651a@guest.local	active	t	9526345b-df22-4a0b-95cb-2e6b65c18d58	33b2d0e9-f3c4-41ac-9c8c-8a717c6e62b8		2026-07-13 23:31:56.206
dc636cec-deba-4704-ae84-4a7df9288566	guest+c47bae19-e7ee-4b32-bee7-ce298078f8a9@guest.local	active	t	9526345b-df22-4a0b-95cb-2e6b65c18d58	33b2d0e9-f3c4-41ac-9c8c-8a717c6e62b8		2026-07-13 23:31:56.096
dc636cec-deba-4704-ae84-4a7df9288566	guest+c47bae19-e7ee-4b32-bee7-ce298078f8a9@guest.local	active	t	9526345b-df22-4a0b-95cb-2e6b65c18d58	33b2d0e9-f3c4-41ac-9c8c-8a717c6e62b8		2026-07-13 23:31:56.206
92cf395d-19af-4ffd-b947-70061798a853	guest+ed7d5f46-02cf-4c08-9d94-1a9c64976e8e@guest.local	active	t	9526345b-df22-4a0b-95cb-2e6b65c18d58	33b2d0e9-f3c4-41ac-9c8c-8a717c6e62b8		2026-07-13 23:31:56.096
92cf395d-19af-4ffd-b947-70061798a853	guest+ed7d5f46-02cf-4c08-9d94-1a9c64976e8e@guest.local	active	t	9526345b-df22-4a0b-95cb-2e6b65c18d58	33b2d0e9-f3c4-41ac-9c8c-8a717c6e62b8		2026-07-13 23:31:56.206
e95c29b7-bb63-4f9f-8cfb-370fa1ee8617	guest+bc000aac-b2d9-41e6-8e2f-947df2d2d16f@guest.local	active	t	9526345b-df22-4a0b-95cb-2e6b65c18d58	33b2d0e9-f3c4-41ac-9c8c-8a717c6e62b8		2026-07-13 23:31:56.096
e95c29b7-bb63-4f9f-8cfb-370fa1ee8617	guest+bc000aac-b2d9-41e6-8e2f-947df2d2d16f@guest.local	active	t	9526345b-df22-4a0b-95cb-2e6b65c18d58	33b2d0e9-f3c4-41ac-9c8c-8a717c6e62b8		2026-07-13 23:31:56.206
5d358d80-f9f9-4c8e-a66e-33d3b6350f9c	guest+130e1e39-f726-4a46-8d99-244e58ca6936@guest.local	active	t	9526345b-df22-4a0b-95cb-2e6b65c18d58	33b2d0e9-f3c4-41ac-9c8c-8a717c6e62b8		2026-07-13 23:31:56.096
5d358d80-f9f9-4c8e-a66e-33d3b6350f9c	guest+130e1e39-f726-4a46-8d99-244e58ca6936@guest.local	active	t	9526345b-df22-4a0b-95cb-2e6b65c18d58	33b2d0e9-f3c4-41ac-9c8c-8a717c6e62b8		2026-07-13 23:31:56.206
25f45702-ae59-49b1-899e-83e756201a79	guest+1c08e8d2-f7c2-49f0-b97c-c530bdf148d7@guest.local	active	t	9526345b-df22-4a0b-95cb-2e6b65c18d58	33b2d0e9-f3c4-41ac-9c8c-8a717c6e62b8		2026-07-13 23:31:56.096
25f45702-ae59-49b1-899e-83e756201a79	guest+1c08e8d2-f7c2-49f0-b97c-c530bdf148d7@guest.local	active	t	9526345b-df22-4a0b-95cb-2e6b65c18d58	33b2d0e9-f3c4-41ac-9c8c-8a717c6e62b8		2026-07-13 23:31:56.206
044782af-fc3b-4ba7-84b5-a1ab6418b124	guest+2bb1a19b-6c27-495a-bc5d-46bc404359be@guest.local	active	t	9526345b-df22-4a0b-95cb-2e6b65c18d58	33b2d0e9-f3c4-41ac-9c8c-8a717c6e62b8		2026-07-13 23:31:56.096
044782af-fc3b-4ba7-84b5-a1ab6418b124	guest+2bb1a19b-6c27-495a-bc5d-46bc404359be@guest.local	active	t	9526345b-df22-4a0b-95cb-2e6b65c18d58	33b2d0e9-f3c4-41ac-9c8c-8a717c6e62b8		2026-07-13 23:31:56.206
310f834c-2077-4d22-ac28-3128d4bbb62e	guest+44015090-9194-40b8-8f7a-a70047633e75@guest.local	active	t	9526345b-df22-4a0b-95cb-2e6b65c18d58	33b2d0e9-f3c4-41ac-9c8c-8a717c6e62b8		2026-07-13 23:31:56.096
310f834c-2077-4d22-ac28-3128d4bbb62e	guest+44015090-9194-40b8-8f7a-a70047633e75@guest.local	active	t	9526345b-df22-4a0b-95cb-2e6b65c18d58	33b2d0e9-f3c4-41ac-9c8c-8a717c6e62b8		2026-07-13 23:31:56.206
d72df2c1-4d91-4b4f-9393-8bd1f41052ad	guest+5312aa11-2b4a-43ac-b04e-511d7fa05baa@guest.local	active	t	9526345b-df22-4a0b-95cb-2e6b65c18d58	33b2d0e9-f3c4-41ac-9c8c-8a717c6e62b8		2026-07-13 23:31:56.096
d72df2c1-4d91-4b4f-9393-8bd1f41052ad	guest+5312aa11-2b4a-43ac-b04e-511d7fa05baa@guest.local	active	t	9526345b-df22-4a0b-95cb-2e6b65c18d58	33b2d0e9-f3c4-41ac-9c8c-8a717c6e62b8		2026-07-13 23:31:56.206
4b67e177-61c2-4566-821d-f06404dd790b	guest+aab25061-8992-4e8b-ae81-5e090e8a7635@guest.local	active	t	9526345b-df22-4a0b-95cb-2e6b65c18d58	33b2d0e9-f3c4-41ac-9c8c-8a717c6e62b8		2026-07-13 23:31:56.096
4b67e177-61c2-4566-821d-f06404dd790b	guest+aab25061-8992-4e8b-ae81-5e090e8a7635@guest.local	active	t	9526345b-df22-4a0b-95cb-2e6b65c18d58	33b2d0e9-f3c4-41ac-9c8c-8a717c6e62b8		2026-07-13 23:31:56.206
9a2b7d20-22cd-4088-9b76-802d7e83f2fc	guest+64cc26fd-9e1d-4f89-86de-8342a0cbb01c@guest.local	active	t	9526345b-df22-4a0b-95cb-2e6b65c18d58	33b2d0e9-f3c4-41ac-9c8c-8a717c6e62b8		2026-07-13 23:31:56.096
9a2b7d20-22cd-4088-9b76-802d7e83f2fc	guest+64cc26fd-9e1d-4f89-86de-8342a0cbb01c@guest.local	active	t	9526345b-df22-4a0b-95cb-2e6b65c18d58	33b2d0e9-f3c4-41ac-9c8c-8a717c6e62b8		2026-07-13 23:31:56.206
1f4f453b-54e1-4a42-a9f9-0d28ed4e70b7	guest+6f6dda84-79e8-4422-b356-45195ba5cfb9@guest.local	active	t	9526345b-df22-4a0b-95cb-2e6b65c18d58	33b2d0e9-f3c4-41ac-9c8c-8a717c6e62b8		2026-07-13 23:31:56.096
1f4f453b-54e1-4a42-a9f9-0d28ed4e70b7	guest+6f6dda84-79e8-4422-b356-45195ba5cfb9@guest.local	active	t	9526345b-df22-4a0b-95cb-2e6b65c18d58	33b2d0e9-f3c4-41ac-9c8c-8a717c6e62b8		2026-07-13 23:31:56.206
8008510b-231a-4336-8330-2f31ce848d35	guest+a6648abf-7e4c-4f89-8c6f-fb2619cc75e5@guest.local	active	t	9526345b-df22-4a0b-95cb-2e6b65c18d58	33b2d0e9-f3c4-41ac-9c8c-8a717c6e62b8		2026-07-13 23:31:56.096
8008510b-231a-4336-8330-2f31ce848d35	guest+a6648abf-7e4c-4f89-8c6f-fb2619cc75e5@guest.local	active	t	9526345b-df22-4a0b-95cb-2e6b65c18d58	33b2d0e9-f3c4-41ac-9c8c-8a717c6e62b8		2026-07-13 23:31:56.206
956e1345-9855-4d5c-8140-634105c8f3e9	guest+ff841b03-a324-4272-afe5-eabcfb3cf084@guest.local	active	t	9526345b-df22-4a0b-95cb-2e6b65c18d58	33b2d0e9-f3c4-41ac-9c8c-8a717c6e62b8		2026-07-13 23:31:56.096
956e1345-9855-4d5c-8140-634105c8f3e9	guest+ff841b03-a324-4272-afe5-eabcfb3cf084@guest.local	active	t	9526345b-df22-4a0b-95cb-2e6b65c18d58	33b2d0e9-f3c4-41ac-9c8c-8a717c6e62b8		2026-07-13 23:31:56.206
ccd020a3-851d-4409-9046-c212c1edd7e7	guest+4c070e5a-2bba-4d3c-8d5b-d462f65e0aa7@guest.local	active	t	9526345b-df22-4a0b-95cb-2e6b65c18d58	33b2d0e9-f3c4-41ac-9c8c-8a717c6e62b8		2026-07-13 23:31:56.096
ccd020a3-851d-4409-9046-c212c1edd7e7	guest+4c070e5a-2bba-4d3c-8d5b-d462f65e0aa7@guest.local	active	t	9526345b-df22-4a0b-95cb-2e6b65c18d58	33b2d0e9-f3c4-41ac-9c8c-8a717c6e62b8		2026-07-13 23:31:56.206
30982c1e-9be9-4012-bbc7-4c9e70c15d23	guest+46f666cd-5208-4a10-9b4b-8d58fccb6c65@guest.local	active	t	9526345b-df22-4a0b-95cb-2e6b65c18d58	33b2d0e9-f3c4-41ac-9c8c-8a717c6e62b8		2026-07-13 23:31:56.096
30982c1e-9be9-4012-bbc7-4c9e70c15d23	guest+46f666cd-5208-4a10-9b4b-8d58fccb6c65@guest.local	active	t	9526345b-df22-4a0b-95cb-2e6b65c18d58	33b2d0e9-f3c4-41ac-9c8c-8a717c6e62b8		2026-07-13 23:31:56.206
2b7cbe5f-a7c1-4a50-bf02-e54cce2a4cde	guest+e8d6c2da-c069-4d1d-8434-11fcf30abbeb@guest.local	active	t	9526345b-df22-4a0b-95cb-2e6b65c18d58	33b2d0e9-f3c4-41ac-9c8c-8a717c6e62b8		2026-07-13 23:31:56.096
2b7cbe5f-a7c1-4a50-bf02-e54cce2a4cde	guest+e8d6c2da-c069-4d1d-8434-11fcf30abbeb@guest.local	active	t	9526345b-df22-4a0b-95cb-2e6b65c18d58	33b2d0e9-f3c4-41ac-9c8c-8a717c6e62b8		2026-07-13 23:31:56.206
5ef132e1-45de-4298-af95-f591fd816fb5	guest+a0a7629c-bb11-478c-8fa1-ceddf9c039c3@guest.local	active	t	9526345b-df22-4a0b-95cb-2e6b65c18d58	33b2d0e9-f3c4-41ac-9c8c-8a717c6e62b8		2026-07-13 23:31:56.096
5ef132e1-45de-4298-af95-f591fd816fb5	guest+a0a7629c-bb11-478c-8fa1-ceddf9c039c3@guest.local	active	t	9526345b-df22-4a0b-95cb-2e6b65c18d58	33b2d0e9-f3c4-41ac-9c8c-8a717c6e62b8		2026-07-13 23:31:56.206
c43232ec-ff5b-4bf0-a967-7c2050408721	guest+e9e9ba68-3d40-4118-88e1-af9101d1664f@guest.local	active	t	9526345b-df22-4a0b-95cb-2e6b65c18d58	33b2d0e9-f3c4-41ac-9c8c-8a717c6e62b8		2026-07-13 23:31:56.096
c43232ec-ff5b-4bf0-a967-7c2050408721	guest+e9e9ba68-3d40-4118-88e1-af9101d1664f@guest.local	active	t	9526345b-df22-4a0b-95cb-2e6b65c18d58	33b2d0e9-f3c4-41ac-9c8c-8a717c6e62b8		2026-07-13 23:31:56.206
5d60a511-10e2-47c6-ab33-4d11d05ba1af	b74qnk@pulecheese.net	active	f	9526345b-df22-4a0b-95cb-2e6b65c18d58	33b2d0e9-f3c4-41ac-9c8c-8a717c6e62b8		2026-07-13 23:31:56.096
5d60a511-10e2-47c6-ab33-4d11d05ba1af	b74qnk@pulecheese.net	active	f	9526345b-df22-4a0b-95cb-2e6b65c18d58	33b2d0e9-f3c4-41ac-9c8c-8a717c6e62b8		2026-07-13 23:31:56.206
b01e4368-a72e-4eb6-a6a3-585fe1ca4b42	guest+8f219a48-81f3-487e-a8bf-432cd465a687@guest.local	active	t	9526345b-df22-4a0b-95cb-2e6b65c18d58	33b2d0e9-f3c4-41ac-9c8c-8a717c6e62b8		2026-07-13 23:31:56.096
b01e4368-a72e-4eb6-a6a3-585fe1ca4b42	guest+8f219a48-81f3-487e-a8bf-432cd465a687@guest.local	active	t	9526345b-df22-4a0b-95cb-2e6b65c18d58	33b2d0e9-f3c4-41ac-9c8c-8a717c6e62b8		2026-07-13 23:31:56.206
c4ca0da6-3a3b-4466-9383-59de48357843	guest+d26544a1-5269-49ce-826c-4e872e1df782@guest.local	active	t	9526345b-df22-4a0b-95cb-2e6b65c18d58	33b2d0e9-f3c4-41ac-9c8c-8a717c6e62b8		2026-07-13 23:31:56.096
c4ca0da6-3a3b-4466-9383-59de48357843	guest+d26544a1-5269-49ce-826c-4e872e1df782@guest.local	active	t	9526345b-df22-4a0b-95cb-2e6b65c18d58	33b2d0e9-f3c4-41ac-9c8c-8a717c6e62b8		2026-07-13 23:31:56.206
88ae9f0a-cedc-4f59-91d7-223ac1897cb6	guest+0d1f3f9a-e868-45a6-ae49-e52c790370cb@guest.local	active	t	9526345b-df22-4a0b-95cb-2e6b65c18d58	33b2d0e9-f3c4-41ac-9c8c-8a717c6e62b8		2026-07-13 23:31:56.096
88ae9f0a-cedc-4f59-91d7-223ac1897cb6	guest+0d1f3f9a-e868-45a6-ae49-e52c790370cb@guest.local	active	t	9526345b-df22-4a0b-95cb-2e6b65c18d58	33b2d0e9-f3c4-41ac-9c8c-8a717c6e62b8		2026-07-13 23:31:56.206
472ce9d9-42ee-4cc1-abc6-801537f3dc2c	guest+1f5fbda1-49a6-4df1-81b0-59982b6bdc07@guest.local	active	t	9526345b-df22-4a0b-95cb-2e6b65c18d58	33b2d0e9-f3c4-41ac-9c8c-8a717c6e62b8		2026-07-13 23:31:56.096
472ce9d9-42ee-4cc1-abc6-801537f3dc2c	guest+1f5fbda1-49a6-4df1-81b0-59982b6bdc07@guest.local	active	t	9526345b-df22-4a0b-95cb-2e6b65c18d58	33b2d0e9-f3c4-41ac-9c8c-8a717c6e62b8		2026-07-13 23:31:56.206
1c9a3c43-a26f-4d24-ad3a-25000b9095c4	guest+5e75f9cb-79e6-4ab7-9760-16e189a9c86c@guest.local	active	t	9526345b-df22-4a0b-95cb-2e6b65c18d58	33b2d0e9-f3c4-41ac-9c8c-8a717c6e62b8		2026-07-13 23:31:56.096
1c9a3c43-a26f-4d24-ad3a-25000b9095c4	guest+5e75f9cb-79e6-4ab7-9760-16e189a9c86c@guest.local	active	t	9526345b-df22-4a0b-95cb-2e6b65c18d58	33b2d0e9-f3c4-41ac-9c8c-8a717c6e62b8		2026-07-13 23:31:56.206
b773d4c6-42ef-46e7-81a6-0bf717a8b86b	guest+defc44ef-307e-4fc8-ace6-4e9674fd92da@guest.local	active	t	9526345b-df22-4a0b-95cb-2e6b65c18d58	33b2d0e9-f3c4-41ac-9c8c-8a717c6e62b8		2026-07-13 23:31:56.096
b773d4c6-42ef-46e7-81a6-0bf717a8b86b	guest+defc44ef-307e-4fc8-ace6-4e9674fd92da@guest.local	active	t	9526345b-df22-4a0b-95cb-2e6b65c18d58	33b2d0e9-f3c4-41ac-9c8c-8a717c6e62b8		2026-07-13 23:31:56.206
0e1e00cf-ef6e-492a-946c-2d4656e6c7f3	guest+18c69eb5-807b-4339-82ca-a86f4b798898@guest.local	active	t	9526345b-df22-4a0b-95cb-2e6b65c18d58	33b2d0e9-f3c4-41ac-9c8c-8a717c6e62b8		2026-07-13 23:31:56.096
0e1e00cf-ef6e-492a-946c-2d4656e6c7f3	guest+18c69eb5-807b-4339-82ca-a86f4b798898@guest.local	active	t	9526345b-df22-4a0b-95cb-2e6b65c18d58	33b2d0e9-f3c4-41ac-9c8c-8a717c6e62b8		2026-07-13 23:31:56.206
98bb700d-2eb5-41b5-93cd-092e0b5ca846	guest+4939ec13-6be1-4a63-8fdc-9f2c3e10269e@guest.local	active	t	9526345b-df22-4a0b-95cb-2e6b65c18d58	33b2d0e9-f3c4-41ac-9c8c-8a717c6e62b8		2026-07-13 23:31:56.096
98bb700d-2eb5-41b5-93cd-092e0b5ca846	guest+4939ec13-6be1-4a63-8fdc-9f2c3e10269e@guest.local	active	t	9526345b-df22-4a0b-95cb-2e6b65c18d58	33b2d0e9-f3c4-41ac-9c8c-8a717c6e62b8		2026-07-13 23:31:56.206
e8dca13f-787c-481c-a40f-271767e26fe5	guest+7f4c7134-ed7c-40db-b2bc-47432b0aa61c@guest.local	active	t	9526345b-df22-4a0b-95cb-2e6b65c18d58	33b2d0e9-f3c4-41ac-9c8c-8a717c6e62b8		2026-07-13 23:31:56.096
e8dca13f-787c-481c-a40f-271767e26fe5	guest+7f4c7134-ed7c-40db-b2bc-47432b0aa61c@guest.local	active	t	9526345b-df22-4a0b-95cb-2e6b65c18d58	33b2d0e9-f3c4-41ac-9c8c-8a717c6e62b8		2026-07-13 23:31:56.206
9bb2e6c4-2d0d-4b83-804e-1af8d4aeb324	hifegib740@wivstore.com	active	f	9526345b-df22-4a0b-95cb-2e6b65c18d58	33b2d0e9-f3c4-41ac-9c8c-8a717c6e62b8		2026-07-13 23:31:56.096
9bb2e6c4-2d0d-4b83-804e-1af8d4aeb324	hifegib740@wivstore.com	active	f	9526345b-df22-4a0b-95cb-2e6b65c18d58	33b2d0e9-f3c4-41ac-9c8c-8a717c6e62b8		2026-07-13 23:31:56.206
3f905c8d-2889-4346-b807-79660f925f4c	guest+dc3ff2dd-008e-4719-9321-2cb837d3327c@guest.local	active	t	9526345b-df22-4a0b-95cb-2e6b65c18d58	33b2d0e9-f3c4-41ac-9c8c-8a717c6e62b8		2026-07-13 23:31:56.096
3f905c8d-2889-4346-b807-79660f925f4c	guest+dc3ff2dd-008e-4719-9321-2cb837d3327c@guest.local	active	t	9526345b-df22-4a0b-95cb-2e6b65c18d58	33b2d0e9-f3c4-41ac-9c8c-8a717c6e62b8		2026-07-13 23:31:56.206
11111111-1111-4111-8111-111111111111	qa-admin@example.test	active	f	9526345b-df22-4a0b-95cb-2e6b65c18d58	33b2d0e9-f3c4-41ac-9c8c-8a717c6e62b8		2026-07-13 23:31:56.096
11111111-1111-4111-8111-111111111111	qa-admin@example.test	active	f	9526345b-df22-4a0b-95cb-2e6b65c18d58	33b2d0e9-f3c4-41ac-9c8c-8a717c6e62b8		2026-07-13 23:31:56.206
22222222-2222-4222-8222-222222222222	qa-user-a@example.test	active	f	9526345b-df22-4a0b-95cb-2e6b65c18d58	33b2d0e9-f3c4-41ac-9c8c-8a717c6e62b8		2026-07-13 23:31:56.096
22222222-2222-4222-8222-222222222222	qa-user-a@example.test	active	f	9526345b-df22-4a0b-95cb-2e6b65c18d58	33b2d0e9-f3c4-41ac-9c8c-8a717c6e62b8		2026-07-13 23:31:56.206
33333333-3333-4333-8333-333333333333	qa-user-b@example.test	active	f	9526345b-df22-4a0b-95cb-2e6b65c18d58	33b2d0e9-f3c4-41ac-9c8c-8a717c6e62b8		2026-07-13 23:31:56.096
33333333-3333-4333-8333-333333333333	qa-user-b@example.test	active	f	9526345b-df22-4a0b-95cb-2e6b65c18d58	33b2d0e9-f3c4-41ac-9c8c-8a717c6e62b8		2026-07-13 23:31:56.206
f32226f6-3910-4482-a537-3919e94fb32c	guest+9560ac14-bd48-4ca6-bd76-f0c315546fcd@guest.local	active	t	9526345b-df22-4a0b-95cb-2e6b65c18d58	33b2d0e9-f3c4-41ac-9c8c-8a717c6e62b8		2026-07-13 23:31:56.096
f32226f6-3910-4482-a537-3919e94fb32c	guest+9560ac14-bd48-4ca6-bd76-f0c315546fcd@guest.local	active	t	9526345b-df22-4a0b-95cb-2e6b65c18d58	33b2d0e9-f3c4-41ac-9c8c-8a717c6e62b8		2026-07-13 23:31:56.206
4a5b6b47-287d-4644-a774-b9030b390417	qa-verified-1768522228@example.com	active	f	9526345b-df22-4a0b-95cb-2e6b65c18d58	33b2d0e9-f3c4-41ac-9c8c-8a717c6e62b8		2026-07-13 23:31:56.096
4a5b6b47-287d-4644-a774-b9030b390417	qa-verified-1768522228@example.com	active	f	9526345b-df22-4a0b-95cb-2e6b65c18d58	33b2d0e9-f3c4-41ac-9c8c-8a717c6e62b8		2026-07-13 23:31:56.206
6b4d8575-8239-4ba2-a027-08394413a5b2	guest+cd70f7ba-3981-455a-b13a-c860410f2888@guest.local	active	t	9526345b-df22-4a0b-95cb-2e6b65c18d58	33b2d0e9-f3c4-41ac-9c8c-8a717c6e62b8		2026-07-13 23:31:56.096
6b4d8575-8239-4ba2-a027-08394413a5b2	guest+cd70f7ba-3981-455a-b13a-c860410f2888@guest.local	active	t	9526345b-df22-4a0b-95cb-2e6b65c18d58	33b2d0e9-f3c4-41ac-9c8c-8a717c6e62b8		2026-07-13 23:31:56.206
f11bdee1-7ec0-4d2d-a9a2-b9f1c07d7a17	guest+1d78482f-0bea-447b-b799-2e1e84c2194e@guest.local	active	t	9526345b-df22-4a0b-95cb-2e6b65c18d58	33b2d0e9-f3c4-41ac-9c8c-8a717c6e62b8		2026-07-13 23:31:56.096
f11bdee1-7ec0-4d2d-a9a2-b9f1c07d7a17	guest+1d78482f-0bea-447b-b799-2e1e84c2194e@guest.local	active	t	9526345b-df22-4a0b-95cb-2e6b65c18d58	33b2d0e9-f3c4-41ac-9c8c-8a717c6e62b8		2026-07-13 23:31:56.206
c0dac6b4-c082-4fb6-9cd2-b6bc154160e2	qa-admin-1768522228@example.com	active	f	9526345b-df22-4a0b-95cb-2e6b65c18d58	33b2d0e9-f3c4-41ac-9c8c-8a717c6e62b8		2026-07-13 23:31:56.096
c0dac6b4-c082-4fb6-9cd2-b6bc154160e2	qa-admin-1768522228@example.com	active	f	9526345b-df22-4a0b-95cb-2e6b65c18d58	33b2d0e9-f3c4-41ac-9c8c-8a717c6e62b8		2026-07-13 23:31:56.206
24615e8f-185d-465c-9d19-3d12b0c4d32b	guest+e45da8af-2165-4df1-81b8-b40aeee72c87@guest.local	active	t	9526345b-df22-4a0b-95cb-2e6b65c18d58	33b2d0e9-f3c4-41ac-9c8c-8a717c6e62b8		2026-07-13 23:31:56.096
24615e8f-185d-465c-9d19-3d12b0c4d32b	guest+e45da8af-2165-4df1-81b8-b40aeee72c87@guest.local	active	t	9526345b-df22-4a0b-95cb-2e6b65c18d58	33b2d0e9-f3c4-41ac-9c8c-8a717c6e62b8		2026-07-13 23:31:56.206
5f41303a-0e49-4e9b-9f2a-f5934eb9a964	guest+d445500f-f9a4-4967-87f2-90b385e708d0@guest.local	active	t	9526345b-df22-4a0b-95cb-2e6b65c18d58	33b2d0e9-f3c4-41ac-9c8c-8a717c6e62b8		2026-07-13 23:31:56.096
5f41303a-0e49-4e9b-9f2a-f5934eb9a964	guest+d445500f-f9a4-4967-87f2-90b385e708d0@guest.local	active	t	9526345b-df22-4a0b-95cb-2e6b65c18d58	33b2d0e9-f3c4-41ac-9c8c-8a717c6e62b8		2026-07-13 23:31:56.206
ba537394-b0ae-4db9-8a19-187c20f7b94b	guest+4a9ef55e-02f4-4831-a7a8-ad8cecdafec0@guest.local	active	t	9526345b-df22-4a0b-95cb-2e6b65c18d58	33b2d0e9-f3c4-41ac-9c8c-8a717c6e62b8		2026-07-13 23:31:56.096
ba537394-b0ae-4db9-8a19-187c20f7b94b	guest+4a9ef55e-02f4-4831-a7a8-ad8cecdafec0@guest.local	active	t	9526345b-df22-4a0b-95cb-2e6b65c18d58	33b2d0e9-f3c4-41ac-9c8c-8a717c6e62b8		2026-07-13 23:31:56.206
9d2f51db-fcb3-478d-9532-ea6d9e8670c8	guest+e4372ba3-3bfd-4e3f-9e20-7bdc8e902697@guest.local	active	t	9526345b-df22-4a0b-95cb-2e6b65c18d58	33b2d0e9-f3c4-41ac-9c8c-8a717c6e62b8		2026-07-13 23:31:56.096
9d2f51db-fcb3-478d-9532-ea6d9e8670c8	guest+e4372ba3-3bfd-4e3f-9e20-7bdc8e902697@guest.local	active	t	9526345b-df22-4a0b-95cb-2e6b65c18d58	33b2d0e9-f3c4-41ac-9c8c-8a717c6e62b8		2026-07-13 23:31:56.206
0681d6a2-e527-4159-ad12-0a4bedf4dc08	guest+84efb0cd-a1fe-405d-b33b-6584d156b6d0@guest.local	active	t	9526345b-df22-4a0b-95cb-2e6b65c18d58	33b2d0e9-f3c4-41ac-9c8c-8a717c6e62b8		2026-07-13 23:31:56.096
0681d6a2-e527-4159-ad12-0a4bedf4dc08	guest+84efb0cd-a1fe-405d-b33b-6584d156b6d0@guest.local	active	t	9526345b-df22-4a0b-95cb-2e6b65c18d58	33b2d0e9-f3c4-41ac-9c8c-8a717c6e62b8		2026-07-13 23:31:56.206
fe8279f1-25ef-456c-98ea-30ec07f1212c	guest+d9c1ac49-e045-4630-8ea0-d93d513fa55a@guest.local	active	t	9526345b-df22-4a0b-95cb-2e6b65c18d58	33b2d0e9-f3c4-41ac-9c8c-8a717c6e62b8		2026-07-13 23:31:56.096
fe8279f1-25ef-456c-98ea-30ec07f1212c	guest+d9c1ac49-e045-4630-8ea0-d93d513fa55a@guest.local	active	t	9526345b-df22-4a0b-95cb-2e6b65c18d58	33b2d0e9-f3c4-41ac-9c8c-8a717c6e62b8		2026-07-13 23:31:56.206
294daf58-9d43-44c1-8a91-979ad3e75fc2	guest+d7b48754-3744-489d-a7b7-35fb84597ba2@guest.local	active	t	9526345b-df22-4a0b-95cb-2e6b65c18d58	33b2d0e9-f3c4-41ac-9c8c-8a717c6e62b8		2026-07-13 23:31:56.096
294daf58-9d43-44c1-8a91-979ad3e75fc2	guest+d7b48754-3744-489d-a7b7-35fb84597ba2@guest.local	active	t	9526345b-df22-4a0b-95cb-2e6b65c18d58	33b2d0e9-f3c4-41ac-9c8c-8a717c6e62b8		2026-07-13 23:31:56.206
3d3730f3-1097-4cc1-bd7c-7889304bb83f	guest+96ceaf9e-3106-4152-96fa-033328f1df51@guest.local	active	t	9526345b-df22-4a0b-95cb-2e6b65c18d58	33b2d0e9-f3c4-41ac-9c8c-8a717c6e62b8		2026-07-13 23:31:56.096
3d3730f3-1097-4cc1-bd7c-7889304bb83f	guest+96ceaf9e-3106-4152-96fa-033328f1df51@guest.local	active	t	9526345b-df22-4a0b-95cb-2e6b65c18d58	33b2d0e9-f3c4-41ac-9c8c-8a717c6e62b8		2026-07-13 23:31:56.206
2be33813-741d-4ab5-8a36-5a92dbfa8ff2	qa-ra-rerun-a@example.test	active	f	9526345b-df22-4a0b-95cb-2e6b65c18d58	33b2d0e9-f3c4-41ac-9c8c-8a717c6e62b8		2026-07-13 23:31:56.096
2be33813-741d-4ab5-8a36-5a92dbfa8ff2	qa-ra-rerun-a@example.test	active	f	9526345b-df22-4a0b-95cb-2e6b65c18d58	33b2d0e9-f3c4-41ac-9c8c-8a717c6e62b8		2026-07-13 23:31:56.206
06f5ebaa-146c-4fe6-acdd-927e169046d6	qa-ra-rerun-b@example.test	active	f	9526345b-df22-4a0b-95cb-2e6b65c18d58	33b2d0e9-f3c4-41ac-9c8c-8a717c6e62b8		2026-07-13 23:31:56.096
06f5ebaa-146c-4fe6-acdd-927e169046d6	qa-ra-rerun-b@example.test	active	f	9526345b-df22-4a0b-95cb-2e6b65c18d58	33b2d0e9-f3c4-41ac-9c8c-8a717c6e62b8		2026-07-13 23:31:56.206
6d23912e-d003-4ebe-ae6d-da453d7d7e67	guest+94323bfc-0f34-4530-9df9-5eb354f22029@guest.local	active	t	9526345b-df22-4a0b-95cb-2e6b65c18d58	33b2d0e9-f3c4-41ac-9c8c-8a717c6e62b8		2026-07-13 23:31:56.096
6d23912e-d003-4ebe-ae6d-da453d7d7e67	guest+94323bfc-0f34-4530-9df9-5eb354f22029@guest.local	active	t	9526345b-df22-4a0b-95cb-2e6b65c18d58	33b2d0e9-f3c4-41ac-9c8c-8a717c6e62b8		2026-07-13 23:31:56.206
3cf0b7d9-fc19-4d5c-bda9-99de9ca95ac4	guest+718107bb-4909-47d2-bf11-62f5344513e8@guest.local	active	t	9526345b-df22-4a0b-95cb-2e6b65c18d58	33b2d0e9-f3c4-41ac-9c8c-8a717c6e62b8		2026-07-13 23:31:56.096
3cf0b7d9-fc19-4d5c-bda9-99de9ca95ac4	guest+718107bb-4909-47d2-bf11-62f5344513e8@guest.local	active	t	9526345b-df22-4a0b-95cb-2e6b65c18d58	33b2d0e9-f3c4-41ac-9c8c-8a717c6e62b8		2026-07-13 23:31:56.206
562af7e7-3606-4f45-bcad-ff30b6c5814d	guest+247d9e22-8209-495a-bd36-a88de67c41cf@guest.local	active	t	9526345b-df22-4a0b-95cb-2e6b65c18d58	33b2d0e9-f3c4-41ac-9c8c-8a717c6e62b8		2026-07-13 23:31:56.096
562af7e7-3606-4f45-bcad-ff30b6c5814d	guest+247d9e22-8209-495a-bd36-a88de67c41cf@guest.local	active	t	9526345b-df22-4a0b-95cb-2e6b65c18d58	33b2d0e9-f3c4-41ac-9c8c-8a717c6e62b8		2026-07-13 23:31:56.206
ec417696-c07d-446e-b349-ea703d7d4fda	qa-a1-a-1783698168@example.test	active	f	9526345b-df22-4a0b-95cb-2e6b65c18d58	33b2d0e9-f3c4-41ac-9c8c-8a717c6e62b8		2026-07-13 23:31:56.096
ec417696-c07d-446e-b349-ea703d7d4fda	qa-a1-a-1783698168@example.test	active	f	9526345b-df22-4a0b-95cb-2e6b65c18d58	33b2d0e9-f3c4-41ac-9c8c-8a717c6e62b8		2026-07-13 23:31:56.206
b061fb2a-ccfc-423d-a909-f6a06bfd8904	qa-a1-b-1783698168@example.test	active	f	9526345b-df22-4a0b-95cb-2e6b65c18d58	33b2d0e9-f3c4-41ac-9c8c-8a717c6e62b8		2026-07-13 23:31:56.096
b061fb2a-ccfc-423d-a909-f6a06bfd8904	qa-a1-b-1783698168@example.test	active	f	9526345b-df22-4a0b-95cb-2e6b65c18d58	33b2d0e9-f3c4-41ac-9c8c-8a717c6e62b8		2026-07-13 23:31:56.206
2e5ffab7-871b-452b-b3c4-3b93a3cabe59	guest+45cb0763-7fc2-4ddc-a69a-8d69dde4c2df@guest.local	active	t	9526345b-df22-4a0b-95cb-2e6b65c18d58	33b2d0e9-f3c4-41ac-9c8c-8a717c6e62b8		2026-07-13 23:31:56.096
2e5ffab7-871b-452b-b3c4-3b93a3cabe59	guest+45cb0763-7fc2-4ddc-a69a-8d69dde4c2df@guest.local	active	t	9526345b-df22-4a0b-95cb-2e6b65c18d58	33b2d0e9-f3c4-41ac-9c8c-8a717c6e62b8		2026-07-13 23:31:56.206
1017ab0b-ef8a-4958-ac58-095a7fb02973	smoke-1783708811990-customer@example.test	active	f	9526345b-df22-4a0b-95cb-2e6b65c18d58	33b2d0e9-f3c4-41ac-9c8c-8a717c6e62b8		2026-07-13 23:31:56.096
1017ab0b-ef8a-4958-ac58-095a7fb02973	smoke-1783708811990-customer@example.test	active	f	9526345b-df22-4a0b-95cb-2e6b65c18d58	33b2d0e9-f3c4-41ac-9c8c-8a717c6e62b8		2026-07-13 23:31:56.206
53df55bb-445b-491c-84de-499d405d23a6	smoke-1783708873222-customer@example.test	active	f	9526345b-df22-4a0b-95cb-2e6b65c18d58	33b2d0e9-f3c4-41ac-9c8c-8a717c6e62b8		2026-07-13 23:31:56.096
53df55bb-445b-491c-84de-499d405d23a6	smoke-1783708873222-customer@example.test	active	f	9526345b-df22-4a0b-95cb-2e6b65c18d58	33b2d0e9-f3c4-41ac-9c8c-8a717c6e62b8		2026-07-13 23:31:56.206
e78a488a-3352-4468-81ed-d88d5898e4b7	guest+53088020-16cb-4710-a4ef-2677db5b3190@guest.local	active	t	9526345b-df22-4a0b-95cb-2e6b65c18d58	33b2d0e9-f3c4-41ac-9c8c-8a717c6e62b8		2026-07-13 23:31:56.096
e78a488a-3352-4468-81ed-d88d5898e4b7	guest+53088020-16cb-4710-a4ef-2677db5b3190@guest.local	active	t	9526345b-df22-4a0b-95cb-2e6b65c18d58	33b2d0e9-f3c4-41ac-9c8c-8a717c6e62b8		2026-07-13 23:31:56.206
4bca8727-3cd4-43aa-a7b8-ddc0c1022de0	guest+ff471428-381f-43ff-a8c4-a370870d58a6@guest.local	active	t	9526345b-df22-4a0b-95cb-2e6b65c18d58	33b2d0e9-f3c4-41ac-9c8c-8a717c6e62b8		2026-07-13 23:31:56.096
4bca8727-3cd4-43aa-a7b8-ddc0c1022de0	guest+ff471428-381f-43ff-a8c4-a370870d58a6@guest.local	active	t	9526345b-df22-4a0b-95cb-2e6b65c18d58	33b2d0e9-f3c4-41ac-9c8c-8a717c6e62b8		2026-07-13 23:31:56.206
36dfb239-33c8-4b52-833e-08fb3079c904	guest+9933f98a-52fa-4fa3-a560-3d40de5fb620@guest.local	active	t	9526345b-df22-4a0b-95cb-2e6b65c18d58	33b2d0e9-f3c4-41ac-9c8c-8a717c6e62b8		2026-07-13 23:31:56.096
36dfb239-33c8-4b52-833e-08fb3079c904	guest+9933f98a-52fa-4fa3-a560-3d40de5fb620@guest.local	active	t	9526345b-df22-4a0b-95cb-2e6b65c18d58	33b2d0e9-f3c4-41ac-9c8c-8a717c6e62b8		2026-07-13 23:31:56.206
d0256a11-7ade-4656-9f4d-adccb80796e7	guest+16bda7a5-3333-46b2-9abf-36d6fd8764d3@guest.local	active	t	9526345b-df22-4a0b-95cb-2e6b65c18d58	33b2d0e9-f3c4-41ac-9c8c-8a717c6e62b8		2026-07-13 23:31:56.096
d0256a11-7ade-4656-9f4d-adccb80796e7	guest+16bda7a5-3333-46b2-9abf-36d6fd8764d3@guest.local	active	t	9526345b-df22-4a0b-95cb-2e6b65c18d58	33b2d0e9-f3c4-41ac-9c8c-8a717c6e62b8		2026-07-13 23:31:56.206
b7cd2543-a5ad-4fb2-8fb4-ef067d431bd5	guest+2244a3de-36c3-4825-8b67-f5a4ebe091f8@guest.local	active	t	9526345b-df22-4a0b-95cb-2e6b65c18d58	33b2d0e9-f3c4-41ac-9c8c-8a717c6e62b8		2026-07-13 23:31:56.096
b7cd2543-a5ad-4fb2-8fb4-ef067d431bd5	guest+2244a3de-36c3-4825-8b67-f5a4ebe091f8@guest.local	active	t	9526345b-df22-4a0b-95cb-2e6b65c18d58	33b2d0e9-f3c4-41ac-9c8c-8a717c6e62b8		2026-07-13 23:31:56.206
1f760ad8-c48b-4fb7-b098-ffb1c23d1f5c	smoke-1783708934647-customer@example.test	active	f	9526345b-df22-4a0b-95cb-2e6b65c18d58	33b2d0e9-f3c4-41ac-9c8c-8a717c6e62b8		2026-07-13 23:31:56.096
1f760ad8-c48b-4fb7-b098-ffb1c23d1f5c	smoke-1783708934647-customer@example.test	active	f	9526345b-df22-4a0b-95cb-2e6b65c18d58	33b2d0e9-f3c4-41ac-9c8c-8a717c6e62b8		2026-07-13 23:31:56.206
4e3f3b3f-ce16-4cda-8f1c-15a12782e06b	guest+ae038e2e-8057-4235-acda-336f0ce35f2b@guest.local	active	t	9526345b-df22-4a0b-95cb-2e6b65c18d58	33b2d0e9-f3c4-41ac-9c8c-8a717c6e62b8		2026-07-13 23:31:56.096
4e3f3b3f-ce16-4cda-8f1c-15a12782e06b	guest+ae038e2e-8057-4235-acda-336f0ce35f2b@guest.local	active	t	9526345b-df22-4a0b-95cb-2e6b65c18d58	33b2d0e9-f3c4-41ac-9c8c-8a717c6e62b8		2026-07-13 23:31:56.206
0051c6f9-4f41-4948-adc2-cfff97cbab66	guest+aba453c1-f0aa-46fe-8958-933e39768f40@guest.local	active	t	9526345b-df22-4a0b-95cb-2e6b65c18d58	33b2d0e9-f3c4-41ac-9c8c-8a717c6e62b8		2026-07-13 23:31:56.096
0051c6f9-4f41-4948-adc2-cfff97cbab66	guest+aba453c1-f0aa-46fe-8958-933e39768f40@guest.local	active	t	9526345b-df22-4a0b-95cb-2e6b65c18d58	33b2d0e9-f3c4-41ac-9c8c-8a717c6e62b8		2026-07-13 23:31:56.206
fd9d484d-39b6-4bf9-81b6-b2074baa036f	guest+7952eec9-ae5d-4ffa-951a-729e723d65f1@guest.local	active	t	9526345b-df22-4a0b-95cb-2e6b65c18d58	33b2d0e9-f3c4-41ac-9c8c-8a717c6e62b8		2026-07-13 23:31:56.096
fd9d484d-39b6-4bf9-81b6-b2074baa036f	guest+7952eec9-ae5d-4ffa-951a-729e723d65f1@guest.local	active	t	9526345b-df22-4a0b-95cb-2e6b65c18d58	33b2d0e9-f3c4-41ac-9c8c-8a717c6e62b8		2026-07-13 23:31:56.206
9fea9e31-c430-486b-97f7-590af7525ee8	guest+ce8e4fd8-a5c4-48ce-a446-448d5b0aac81@guest.local	active	t	9526345b-df22-4a0b-95cb-2e6b65c18d58	33b2d0e9-f3c4-41ac-9c8c-8a717c6e62b8		2026-07-13 23:31:56.096
9fea9e31-c430-486b-97f7-590af7525ee8	guest+ce8e4fd8-a5c4-48ce-a446-448d5b0aac81@guest.local	active	t	9526345b-df22-4a0b-95cb-2e6b65c18d58	33b2d0e9-f3c4-41ac-9c8c-8a717c6e62b8		2026-07-13 23:31:56.206
606a05cd-1503-41fd-9fb5-ad2e4b1c7aeb	guest+0228fcab-f175-420d-8217-41a3e4dd691d@guest.local	active	t	9526345b-df22-4a0b-95cb-2e6b65c18d58	33b2d0e9-f3c4-41ac-9c8c-8a717c6e62b8		2026-07-13 23:31:56.096
606a05cd-1503-41fd-9fb5-ad2e4b1c7aeb	guest+0228fcab-f175-420d-8217-41a3e4dd691d@guest.local	active	t	9526345b-df22-4a0b-95cb-2e6b65c18d58	33b2d0e9-f3c4-41ac-9c8c-8a717c6e62b8		2026-07-13 23:31:56.206
831f7dcb-2d04-4bd9-9c0d-f399740dabbc	smoke-1783708978829-customer@example.test	active	f	9526345b-df22-4a0b-95cb-2e6b65c18d58	33b2d0e9-f3c4-41ac-9c8c-8a717c6e62b8		2026-07-13 23:31:56.096
831f7dcb-2d04-4bd9-9c0d-f399740dabbc	smoke-1783708978829-customer@example.test	active	f	9526345b-df22-4a0b-95cb-2e6b65c18d58	33b2d0e9-f3c4-41ac-9c8c-8a717c6e62b8		2026-07-13 23:31:56.206
d1844564-e663-44e8-9704-9fa31651d441	guest+9a9fdadd-2e5c-47f7-a83d-62e669446f0b@guest.local	active	t	9526345b-df22-4a0b-95cb-2e6b65c18d58	33b2d0e9-f3c4-41ac-9c8c-8a717c6e62b8		2026-07-13 23:31:56.096
d1844564-e663-44e8-9704-9fa31651d441	guest+9a9fdadd-2e5c-47f7-a83d-62e669446f0b@guest.local	active	t	9526345b-df22-4a0b-95cb-2e6b65c18d58	33b2d0e9-f3c4-41ac-9c8c-8a717c6e62b8		2026-07-13 23:31:56.206
7b71c001-ee0c-493f-817b-862e2a44ec99	guest+0af784cd-2a0f-4a14-912a-01136bf6a696@guest.local	active	t	9526345b-df22-4a0b-95cb-2e6b65c18d58	33b2d0e9-f3c4-41ac-9c8c-8a717c6e62b8		2026-07-13 23:31:56.096
7b71c001-ee0c-493f-817b-862e2a44ec99	guest+0af784cd-2a0f-4a14-912a-01136bf6a696@guest.local	active	t	9526345b-df22-4a0b-95cb-2e6b65c18d58	33b2d0e9-f3c4-41ac-9c8c-8a717c6e62b8		2026-07-13 23:31:56.206
443e556a-a888-4198-823f-3f093838a52c	guest+7f3f59fd-2bb9-42b6-b34c-b9ca88faee63@guest.local	active	t	9526345b-df22-4a0b-95cb-2e6b65c18d58	33b2d0e9-f3c4-41ac-9c8c-8a717c6e62b8		2026-07-13 23:31:56.096
443e556a-a888-4198-823f-3f093838a52c	guest+7f3f59fd-2bb9-42b6-b34c-b9ca88faee63@guest.local	active	t	9526345b-df22-4a0b-95cb-2e6b65c18d58	33b2d0e9-f3c4-41ac-9c8c-8a717c6e62b8		2026-07-13 23:31:56.206
44aed7fc-cfc0-4773-8847-b6cb3fd3b5d5	guest+e6d15817-9e1c-4b6c-9af4-75fbda74c935@guest.local	active	t	9526345b-df22-4a0b-95cb-2e6b65c18d58	33b2d0e9-f3c4-41ac-9c8c-8a717c6e62b8		2026-07-13 23:31:56.096
44aed7fc-cfc0-4773-8847-b6cb3fd3b5d5	guest+e6d15817-9e1c-4b6c-9af4-75fbda74c935@guest.local	active	t	9526345b-df22-4a0b-95cb-2e6b65c18d58	33b2d0e9-f3c4-41ac-9c8c-8a717c6e62b8		2026-07-13 23:31:56.206
731ffcd6-2c2b-4610-8467-9f8273510292	guest+4c30921c-079b-480e-9942-1759d75e2ca5@guest.local	active	t	9526345b-df22-4a0b-95cb-2e6b65c18d58	33b2d0e9-f3c4-41ac-9c8c-8a717c6e62b8		2026-07-13 23:31:56.096
731ffcd6-2c2b-4610-8467-9f8273510292	guest+4c30921c-079b-480e-9942-1759d75e2ca5@guest.local	active	t	9526345b-df22-4a0b-95cb-2e6b65c18d58	33b2d0e9-f3c4-41ac-9c8c-8a717c6e62b8		2026-07-13 23:31:56.206
721ee8d0-ddd3-47a1-b4c7-71cd50d76355	smoke-1783709027876-customer@example.test	active	f	9526345b-df22-4a0b-95cb-2e6b65c18d58	33b2d0e9-f3c4-41ac-9c8c-8a717c6e62b8		2026-07-13 23:31:56.096
721ee8d0-ddd3-47a1-b4c7-71cd50d76355	smoke-1783709027876-customer@example.test	active	f	9526345b-df22-4a0b-95cb-2e6b65c18d58	33b2d0e9-f3c4-41ac-9c8c-8a717c6e62b8		2026-07-13 23:31:56.206
ff381115-9d23-4a3e-90bd-33cb8673ac9a	guest+61225941-1085-433f-b09b-be5836eb77b5@guest.local	active	t	9526345b-df22-4a0b-95cb-2e6b65c18d58	33b2d0e9-f3c4-41ac-9c8c-8a717c6e62b8		2026-07-13 23:31:56.096
ff381115-9d23-4a3e-90bd-33cb8673ac9a	guest+61225941-1085-433f-b09b-be5836eb77b5@guest.local	active	t	9526345b-df22-4a0b-95cb-2e6b65c18d58	33b2d0e9-f3c4-41ac-9c8c-8a717c6e62b8		2026-07-13 23:31:56.206
e9dc24b0-8264-4808-8b4b-887caf78c304	guest+5d2e4e13-55be-4de0-8cbb-6d83dd67e47f@guest.local	active	t	9526345b-df22-4a0b-95cb-2e6b65c18d58	33b2d0e9-f3c4-41ac-9c8c-8a717c6e62b8		2026-07-13 23:31:56.096
e9dc24b0-8264-4808-8b4b-887caf78c304	guest+5d2e4e13-55be-4de0-8cbb-6d83dd67e47f@guest.local	active	t	9526345b-df22-4a0b-95cb-2e6b65c18d58	33b2d0e9-f3c4-41ac-9c8c-8a717c6e62b8		2026-07-13 23:31:56.206
6440e4ea-f079-44cf-b426-affccc22bb4b	guest+f1b8299e-8aac-4746-b20f-a5d29b6c3fdd@guest.local	active	t	9526345b-df22-4a0b-95cb-2e6b65c18d58	33b2d0e9-f3c4-41ac-9c8c-8a717c6e62b8		2026-07-13 23:31:56.096
6440e4ea-f079-44cf-b426-affccc22bb4b	guest+f1b8299e-8aac-4746-b20f-a5d29b6c3fdd@guest.local	active	t	9526345b-df22-4a0b-95cb-2e6b65c18d58	33b2d0e9-f3c4-41ac-9c8c-8a717c6e62b8		2026-07-13 23:31:56.206
8e0e4a4c-7a25-4d04-bfdc-95420d771112	guest+8767319d-b2fc-41f0-8f5b-585c079a73b4@guest.local	active	t	9526345b-df22-4a0b-95cb-2e6b65c18d58	33b2d0e9-f3c4-41ac-9c8c-8a717c6e62b8		2026-07-13 23:31:56.096
8e0e4a4c-7a25-4d04-bfdc-95420d771112	guest+8767319d-b2fc-41f0-8f5b-585c079a73b4@guest.local	active	t	9526345b-df22-4a0b-95cb-2e6b65c18d58	33b2d0e9-f3c4-41ac-9c8c-8a717c6e62b8		2026-07-13 23:31:56.206
82405ae9-f38a-4734-86a3-63549a0d0633	guest+81d98db3-6042-40f8-a7f5-2ef4a2dfc63e@guest.local	active	t	9526345b-df22-4a0b-95cb-2e6b65c18d58	33b2d0e9-f3c4-41ac-9c8c-8a717c6e62b8		2026-07-13 23:31:56.096
82405ae9-f38a-4734-86a3-63549a0d0633	guest+81d98db3-6042-40f8-a7f5-2ef4a2dfc63e@guest.local	active	t	9526345b-df22-4a0b-95cb-2e6b65c18d58	33b2d0e9-f3c4-41ac-9c8c-8a717c6e62b8		2026-07-13 23:31:56.206
a827f66b-af17-4e4f-9215-7a3b27b67290	smoke-1783709255244-customer@example.test	active	f	9526345b-df22-4a0b-95cb-2e6b65c18d58	33b2d0e9-f3c4-41ac-9c8c-8a717c6e62b8		2026-07-13 23:31:56.096
a827f66b-af17-4e4f-9215-7a3b27b67290	smoke-1783709255244-customer@example.test	active	f	9526345b-df22-4a0b-95cb-2e6b65c18d58	33b2d0e9-f3c4-41ac-9c8c-8a717c6e62b8		2026-07-13 23:31:56.206
c28cbd5f-2f45-4ff5-b938-55b31a393f05	guest+39343ce2-0a93-4c24-8e48-70fa9da9b847@guest.local	active	t	9526345b-df22-4a0b-95cb-2e6b65c18d58	33b2d0e9-f3c4-41ac-9c8c-8a717c6e62b8		2026-07-13 23:31:56.096
c28cbd5f-2f45-4ff5-b938-55b31a393f05	guest+39343ce2-0a93-4c24-8e48-70fa9da9b847@guest.local	active	t	9526345b-df22-4a0b-95cb-2e6b65c18d58	33b2d0e9-f3c4-41ac-9c8c-8a717c6e62b8		2026-07-13 23:31:56.206
e1c22a54-e306-4489-b7a8-936210d15a32	guest+6ee3e71b-3169-437b-88ac-d1c889dc3c50@guest.local	active	t	9526345b-df22-4a0b-95cb-2e6b65c18d58	33b2d0e9-f3c4-41ac-9c8c-8a717c6e62b8		2026-07-13 23:31:56.096
e1c22a54-e306-4489-b7a8-936210d15a32	guest+6ee3e71b-3169-437b-88ac-d1c889dc3c50@guest.local	active	t	9526345b-df22-4a0b-95cb-2e6b65c18d58	33b2d0e9-f3c4-41ac-9c8c-8a717c6e62b8		2026-07-13 23:31:56.206
11025f9e-3831-422b-bf4f-1305017d30a6	guest+54ca9459-bc36-4074-93c5-02af9fde2365@guest.local	active	t	9526345b-df22-4a0b-95cb-2e6b65c18d58	33b2d0e9-f3c4-41ac-9c8c-8a717c6e62b8		2026-07-13 23:31:56.096
11025f9e-3831-422b-bf4f-1305017d30a6	guest+54ca9459-bc36-4074-93c5-02af9fde2365@guest.local	active	t	9526345b-df22-4a0b-95cb-2e6b65c18d58	33b2d0e9-f3c4-41ac-9c8c-8a717c6e62b8		2026-07-13 23:31:56.206
dfea829a-bb09-4fbc-89a2-b07dd8e6b0ca	guest+7ce4423f-5b84-4d10-8c46-30a6971d4036@guest.local	active	t	9526345b-df22-4a0b-95cb-2e6b65c18d58	33b2d0e9-f3c4-41ac-9c8c-8a717c6e62b8		2026-07-13 23:31:56.096
dfea829a-bb09-4fbc-89a2-b07dd8e6b0ca	guest+7ce4423f-5b84-4d10-8c46-30a6971d4036@guest.local	active	t	9526345b-df22-4a0b-95cb-2e6b65c18d58	33b2d0e9-f3c4-41ac-9c8c-8a717c6e62b8		2026-07-13 23:31:56.206
f0505499-31de-4d50-8997-40b8051d6013	guest+fdcee802-765f-4264-945e-9136af3c11b6@guest.local	active	t	9526345b-df22-4a0b-95cb-2e6b65c18d58	33b2d0e9-f3c4-41ac-9c8c-8a717c6e62b8		2026-07-13 23:31:56.096
f0505499-31de-4d50-8997-40b8051d6013	guest+fdcee802-765f-4264-945e-9136af3c11b6@guest.local	active	t	9526345b-df22-4a0b-95cb-2e6b65c18d58	33b2d0e9-f3c4-41ac-9c8c-8a717c6e62b8		2026-07-13 23:31:56.206
ab12432b-3247-4d4e-8e04-314526e77f14	smoke-1783709293187-customer@example.test	active	f	9526345b-df22-4a0b-95cb-2e6b65c18d58	33b2d0e9-f3c4-41ac-9c8c-8a717c6e62b8		2026-07-13 23:31:56.096
ab12432b-3247-4d4e-8e04-314526e77f14	smoke-1783709293187-customer@example.test	active	f	9526345b-df22-4a0b-95cb-2e6b65c18d58	33b2d0e9-f3c4-41ac-9c8c-8a717c6e62b8		2026-07-13 23:31:56.206
c50c75b4-e469-4d5b-94b3-4ec8916e8f86	guest+5288eda6-9c71-4f20-858f-fae3d6e5e9cf@guest.local	active	t	9526345b-df22-4a0b-95cb-2e6b65c18d58	33b2d0e9-f3c4-41ac-9c8c-8a717c6e62b8		2026-07-13 23:31:56.096
c50c75b4-e469-4d5b-94b3-4ec8916e8f86	guest+5288eda6-9c71-4f20-858f-fae3d6e5e9cf@guest.local	active	t	9526345b-df22-4a0b-95cb-2e6b65c18d58	33b2d0e9-f3c4-41ac-9c8c-8a717c6e62b8		2026-07-13 23:31:56.206
05977fbc-ef03-454b-89bc-6d5df55cb6a5	guest+cd9dbfd6-047f-4972-b0ae-1873947e508e@guest.local	active	t	9526345b-df22-4a0b-95cb-2e6b65c18d58	33b2d0e9-f3c4-41ac-9c8c-8a717c6e62b8		2026-07-13 23:31:56.096
05977fbc-ef03-454b-89bc-6d5df55cb6a5	guest+cd9dbfd6-047f-4972-b0ae-1873947e508e@guest.local	active	t	9526345b-df22-4a0b-95cb-2e6b65c18d58	33b2d0e9-f3c4-41ac-9c8c-8a717c6e62b8		2026-07-13 23:31:56.206
b84ab7eb-d101-44d4-b500-7476d995e687	guest+717ff588-ea14-4975-946d-c6c788be5d61@guest.local	active	t	9526345b-df22-4a0b-95cb-2e6b65c18d58	33b2d0e9-f3c4-41ac-9c8c-8a717c6e62b8		2026-07-13 23:31:56.096
b84ab7eb-d101-44d4-b500-7476d995e687	guest+717ff588-ea14-4975-946d-c6c788be5d61@guest.local	active	t	9526345b-df22-4a0b-95cb-2e6b65c18d58	33b2d0e9-f3c4-41ac-9c8c-8a717c6e62b8		2026-07-13 23:31:56.206
7977d631-75d3-4cfe-8e9c-9751767c23b7	guest+61586243-e27b-49dc-8ea4-139c85fe0417@guest.local	active	t	9526345b-df22-4a0b-95cb-2e6b65c18d58	33b2d0e9-f3c4-41ac-9c8c-8a717c6e62b8		2026-07-13 23:31:56.096
7977d631-75d3-4cfe-8e9c-9751767c23b7	guest+61586243-e27b-49dc-8ea4-139c85fe0417@guest.local	active	t	9526345b-df22-4a0b-95cb-2e6b65c18d58	33b2d0e9-f3c4-41ac-9c8c-8a717c6e62b8		2026-07-13 23:31:56.206
17f651dd-eb68-40c8-981a-bc878f32ccf3	guest+158a7647-b380-44ec-9c27-3eb02bd67ff0@guest.local	active	t	9526345b-df22-4a0b-95cb-2e6b65c18d58	33b2d0e9-f3c4-41ac-9c8c-8a717c6e62b8		2026-07-13 23:31:56.096
17f651dd-eb68-40c8-981a-bc878f32ccf3	guest+158a7647-b380-44ec-9c27-3eb02bd67ff0@guest.local	active	t	9526345b-df22-4a0b-95cb-2e6b65c18d58	33b2d0e9-f3c4-41ac-9c8c-8a717c6e62b8		2026-07-13 23:31:56.206
046cffb8-a6ab-435c-90f4-22de22f8baf4	smoke-1783709470659-customer@example.test	active	f	9526345b-df22-4a0b-95cb-2e6b65c18d58	33b2d0e9-f3c4-41ac-9c8c-8a717c6e62b8		2026-07-13 23:31:56.096
046cffb8-a6ab-435c-90f4-22de22f8baf4	smoke-1783709470659-customer@example.test	active	f	9526345b-df22-4a0b-95cb-2e6b65c18d58	33b2d0e9-f3c4-41ac-9c8c-8a717c6e62b8		2026-07-13 23:31:56.206
8bd160d7-1f1c-44a8-90e8-abbd571bc767	smoke-1783709470659-pending@example.test	active	f	9526345b-df22-4a0b-95cb-2e6b65c18d58	33b2d0e9-f3c4-41ac-9c8c-8a717c6e62b8		2026-07-13 23:31:56.096
8bd160d7-1f1c-44a8-90e8-abbd571bc767	smoke-1783709470659-pending@example.test	active	f	9526345b-df22-4a0b-95cb-2e6b65c18d58	33b2d0e9-f3c4-41ac-9c8c-8a717c6e62b8		2026-07-13 23:31:56.206
e148bb10-d5d1-446c-8588-5c7d2b5795cc	guest+3df21e1d-9d0c-46df-8dea-f9c32a9350c7@guest.local	active	t	9526345b-df22-4a0b-95cb-2e6b65c18d58	33b2d0e9-f3c4-41ac-9c8c-8a717c6e62b8		2026-07-13 23:31:56.096
e148bb10-d5d1-446c-8588-5c7d2b5795cc	guest+3df21e1d-9d0c-46df-8dea-f9c32a9350c7@guest.local	active	t	9526345b-df22-4a0b-95cb-2e6b65c18d58	33b2d0e9-f3c4-41ac-9c8c-8a717c6e62b8		2026-07-13 23:31:56.206
3a4d14d0-6507-4ab3-86a4-ccaa616f23e8	guest+ab9058f2-a347-4947-a75d-4792a63512ac@guest.local	active	t	9526345b-df22-4a0b-95cb-2e6b65c18d58	33b2d0e9-f3c4-41ac-9c8c-8a717c6e62b8		2026-07-13 23:31:56.096
3a4d14d0-6507-4ab3-86a4-ccaa616f23e8	guest+ab9058f2-a347-4947-a75d-4792a63512ac@guest.local	active	t	9526345b-df22-4a0b-95cb-2e6b65c18d58	33b2d0e9-f3c4-41ac-9c8c-8a717c6e62b8		2026-07-13 23:31:56.206
54cb2487-5334-41de-9c76-3996f4dcd8b0	guest+d2c93c3c-ca11-49d9-8177-b10cf7fbf379@guest.local	active	t	9526345b-df22-4a0b-95cb-2e6b65c18d58	33b2d0e9-f3c4-41ac-9c8c-8a717c6e62b8		2026-07-13 23:31:56.096
54cb2487-5334-41de-9c76-3996f4dcd8b0	guest+d2c93c3c-ca11-49d9-8177-b10cf7fbf379@guest.local	active	t	9526345b-df22-4a0b-95cb-2e6b65c18d58	33b2d0e9-f3c4-41ac-9c8c-8a717c6e62b8		2026-07-13 23:31:56.206
b6552f7b-cb99-4ade-817e-0bd4e3a3bcfe	guest+a31c028b-ae1a-4cea-ab0b-71c15d210560@guest.local	active	t	9526345b-df22-4a0b-95cb-2e6b65c18d58	33b2d0e9-f3c4-41ac-9c8c-8a717c6e62b8		2026-07-13 23:31:56.096
b6552f7b-cb99-4ade-817e-0bd4e3a3bcfe	guest+a31c028b-ae1a-4cea-ab0b-71c15d210560@guest.local	active	t	9526345b-df22-4a0b-95cb-2e6b65c18d58	33b2d0e9-f3c4-41ac-9c8c-8a717c6e62b8		2026-07-13 23:31:56.206
b1f91b0d-afff-4ce6-bc08-dd875caceb21	smoke-1783709593778-customer@example.test	active	f	9526345b-df22-4a0b-95cb-2e6b65c18d58	33b2d0e9-f3c4-41ac-9c8c-8a717c6e62b8		2026-07-13 23:31:56.096
b1f91b0d-afff-4ce6-bc08-dd875caceb21	smoke-1783709593778-customer@example.test	active	f	9526345b-df22-4a0b-95cb-2e6b65c18d58	33b2d0e9-f3c4-41ac-9c8c-8a717c6e62b8		2026-07-13 23:31:56.206
46f5bab4-4e4a-4776-a45d-a42a79078d10	smoke-1783709593778-pending@example.test	active	f	9526345b-df22-4a0b-95cb-2e6b65c18d58	33b2d0e9-f3c4-41ac-9c8c-8a717c6e62b8		2026-07-13 23:31:56.096
46f5bab4-4e4a-4776-a45d-a42a79078d10	smoke-1783709593778-pending@example.test	active	f	9526345b-df22-4a0b-95cb-2e6b65c18d58	33b2d0e9-f3c4-41ac-9c8c-8a717c6e62b8		2026-07-13 23:31:56.206
785ffd85-965b-4e55-9435-e74ebe674bec	guest+b181223b-3f65-44b0-8e67-2e35f230561a@guest.local	active	t	9526345b-df22-4a0b-95cb-2e6b65c18d58	33b2d0e9-f3c4-41ac-9c8c-8a717c6e62b8		2026-07-13 23:31:56.096
785ffd85-965b-4e55-9435-e74ebe674bec	guest+b181223b-3f65-44b0-8e67-2e35f230561a@guest.local	active	t	9526345b-df22-4a0b-95cb-2e6b65c18d58	33b2d0e9-f3c4-41ac-9c8c-8a717c6e62b8		2026-07-13 23:31:56.206
5fcaa867-09a9-4ffe-a1c8-dd769bcf802e	guest+dba34727-e79b-4e2c-a3d4-7bc33f418d90@guest.local	active	t	9526345b-df22-4a0b-95cb-2e6b65c18d58	33b2d0e9-f3c4-41ac-9c8c-8a717c6e62b8		2026-07-13 23:31:56.096
5fcaa867-09a9-4ffe-a1c8-dd769bcf802e	guest+dba34727-e79b-4e2c-a3d4-7bc33f418d90@guest.local	active	t	9526345b-df22-4a0b-95cb-2e6b65c18d58	33b2d0e9-f3c4-41ac-9c8c-8a717c6e62b8		2026-07-13 23:31:56.206
d65ef8b5-eb34-412b-b89a-7e617536850c	guest+290950ae-ee2c-4274-a5e0-ac44fd704139@guest.local	active	t	9526345b-df22-4a0b-95cb-2e6b65c18d58	33b2d0e9-f3c4-41ac-9c8c-8a717c6e62b8		2026-07-13 23:31:56.096
d65ef8b5-eb34-412b-b89a-7e617536850c	guest+290950ae-ee2c-4274-a5e0-ac44fd704139@guest.local	active	t	9526345b-df22-4a0b-95cb-2e6b65c18d58	33b2d0e9-f3c4-41ac-9c8c-8a717c6e62b8		2026-07-13 23:31:56.206
44e4455a-e090-478c-8dd1-10ca24540092	smoke-1783709665058-customer@example.test	active	f	9526345b-df22-4a0b-95cb-2e6b65c18d58	33b2d0e9-f3c4-41ac-9c8c-8a717c6e62b8		2026-07-13 23:31:56.096
44e4455a-e090-478c-8dd1-10ca24540092	smoke-1783709665058-customer@example.test	active	f	9526345b-df22-4a0b-95cb-2e6b65c18d58	33b2d0e9-f3c4-41ac-9c8c-8a717c6e62b8		2026-07-13 23:31:56.206
702185fc-a0d2-40d0-9d5f-4c422b16d216	smoke-1783709665058-pending@example.test	active	f	9526345b-df22-4a0b-95cb-2e6b65c18d58	33b2d0e9-f3c4-41ac-9c8c-8a717c6e62b8		2026-07-13 23:31:56.096
702185fc-a0d2-40d0-9d5f-4c422b16d216	smoke-1783709665058-pending@example.test	active	f	9526345b-df22-4a0b-95cb-2e6b65c18d58	33b2d0e9-f3c4-41ac-9c8c-8a717c6e62b8		2026-07-13 23:31:56.206
fba31786-8052-4979-9101-723074a85023	guest+9f646081-3dd8-463e-b2bb-f99a2b7cc7d8@guest.local	active	t	9526345b-df22-4a0b-95cb-2e6b65c18d58	33b2d0e9-f3c4-41ac-9c8c-8a717c6e62b8		2026-07-13 23:31:56.096
fba31786-8052-4979-9101-723074a85023	guest+9f646081-3dd8-463e-b2bb-f99a2b7cc7d8@guest.local	active	t	9526345b-df22-4a0b-95cb-2e6b65c18d58	33b2d0e9-f3c4-41ac-9c8c-8a717c6e62b8		2026-07-13 23:31:56.206
a47c9297-35d5-49d0-9aa5-60f5c4f6ab24	guest+364b440d-f2dd-47fa-b4c5-8f42136f28b0@guest.local	active	t	9526345b-df22-4a0b-95cb-2e6b65c18d58	33b2d0e9-f3c4-41ac-9c8c-8a717c6e62b8		2026-07-13 23:31:56.096
a47c9297-35d5-49d0-9aa5-60f5c4f6ab24	guest+364b440d-f2dd-47fa-b4c5-8f42136f28b0@guest.local	active	t	9526345b-df22-4a0b-95cb-2e6b65c18d58	33b2d0e9-f3c4-41ac-9c8c-8a717c6e62b8		2026-07-13 23:31:56.206
ac260301-3140-42aa-9ea0-859363286514	guest+99c4cab4-2057-4719-95ab-f563164fbe80@guest.local	active	t	9526345b-df22-4a0b-95cb-2e6b65c18d58	33b2d0e9-f3c4-41ac-9c8c-8a717c6e62b8		2026-07-13 23:31:56.096
ac260301-3140-42aa-9ea0-859363286514	guest+99c4cab4-2057-4719-95ab-f563164fbe80@guest.local	active	t	9526345b-df22-4a0b-95cb-2e6b65c18d58	33b2d0e9-f3c4-41ac-9c8c-8a717c6e62b8		2026-07-13 23:31:56.206
545d4d8a-0a6e-4585-993b-92aaa48eab8a	guest+6b00a748-781e-4355-80c0-1bb1a90d5ce7@guest.local	active	t	9526345b-df22-4a0b-95cb-2e6b65c18d58	33b2d0e9-f3c4-41ac-9c8c-8a717c6e62b8		2026-07-13 23:31:56.096
545d4d8a-0a6e-4585-993b-92aaa48eab8a	guest+6b00a748-781e-4355-80c0-1bb1a90d5ce7@guest.local	active	t	9526345b-df22-4a0b-95cb-2e6b65c18d58	33b2d0e9-f3c4-41ac-9c8c-8a717c6e62b8		2026-07-13 23:31:56.206
d9f89d91-9cc8-47d1-9085-16ac85eb7352	guest+e03a5350-3fee-43ea-8a67-5518d39c1c2b@guest.local	active	t	9526345b-df22-4a0b-95cb-2e6b65c18d58	33b2d0e9-f3c4-41ac-9c8c-8a717c6e62b8		2026-07-13 23:31:56.096
d9f89d91-9cc8-47d1-9085-16ac85eb7352	guest+e03a5350-3fee-43ea-8a67-5518d39c1c2b@guest.local	active	t	9526345b-df22-4a0b-95cb-2e6b65c18d58	33b2d0e9-f3c4-41ac-9c8c-8a717c6e62b8		2026-07-13 23:31:56.206
153bbcae-17e1-4721-8fa0-f0cffd8bfc34	smoke-1783709717170-customer@example.test	active	f	9526345b-df22-4a0b-95cb-2e6b65c18d58	33b2d0e9-f3c4-41ac-9c8c-8a717c6e62b8		2026-07-13 23:31:56.096
153bbcae-17e1-4721-8fa0-f0cffd8bfc34	smoke-1783709717170-customer@example.test	active	f	9526345b-df22-4a0b-95cb-2e6b65c18d58	33b2d0e9-f3c4-41ac-9c8c-8a717c6e62b8		2026-07-13 23:31:56.206
b81caa49-bace-4dc8-8dac-15ae04ef7241	smoke-1783709717170-pending@example.test	active	f	9526345b-df22-4a0b-95cb-2e6b65c18d58	33b2d0e9-f3c4-41ac-9c8c-8a717c6e62b8		2026-07-13 23:31:56.096
b81caa49-bace-4dc8-8dac-15ae04ef7241	smoke-1783709717170-pending@example.test	active	f	9526345b-df22-4a0b-95cb-2e6b65c18d58	33b2d0e9-f3c4-41ac-9c8c-8a717c6e62b8		2026-07-13 23:31:56.206
4c859a63-ed14-44ce-87c8-4beb9cdff112	guest+944c7166-970e-4ca3-ac3d-f649b3312b91@guest.local	active	t	9526345b-df22-4a0b-95cb-2e6b65c18d58	33b2d0e9-f3c4-41ac-9c8c-8a717c6e62b8		2026-07-13 23:31:56.096
4c859a63-ed14-44ce-87c8-4beb9cdff112	guest+944c7166-970e-4ca3-ac3d-f649b3312b91@guest.local	active	t	9526345b-df22-4a0b-95cb-2e6b65c18d58	33b2d0e9-f3c4-41ac-9c8c-8a717c6e62b8		2026-07-13 23:31:56.206
a79b8552-293d-4910-be0e-0156dc173e17	guest+26a5e0ac-4634-440a-bc7b-f547b664c7cd@guest.local	active	t	9526345b-df22-4a0b-95cb-2e6b65c18d58	33b2d0e9-f3c4-41ac-9c8c-8a717c6e62b8		2026-07-13 23:31:56.096
a79b8552-293d-4910-be0e-0156dc173e17	guest+26a5e0ac-4634-440a-bc7b-f547b664c7cd@guest.local	active	t	9526345b-df22-4a0b-95cb-2e6b65c18d58	33b2d0e9-f3c4-41ac-9c8c-8a717c6e62b8		2026-07-13 23:31:56.206
87e09629-0e84-45c0-8727-9f0b49d1a9eb	guest+7260efe9-6c3e-4640-9cc5-c9049e73b399@guest.local	active	t	9526345b-df22-4a0b-95cb-2e6b65c18d58	33b2d0e9-f3c4-41ac-9c8c-8a717c6e62b8		2026-07-13 23:31:56.096
87e09629-0e84-45c0-8727-9f0b49d1a9eb	guest+7260efe9-6c3e-4640-9cc5-c9049e73b399@guest.local	active	t	9526345b-df22-4a0b-95cb-2e6b65c18d58	33b2d0e9-f3c4-41ac-9c8c-8a717c6e62b8		2026-07-13 23:31:56.206
a2f68ddf-1be8-472d-ae50-1838499e7e90	guest+1cedb602-e313-410c-ae39-dd9138a66518@guest.local	active	t	9526345b-df22-4a0b-95cb-2e6b65c18d58	33b2d0e9-f3c4-41ac-9c8c-8a717c6e62b8		2026-07-13 23:31:56.096
a2f68ddf-1be8-472d-ae50-1838499e7e90	guest+1cedb602-e313-410c-ae39-dd9138a66518@guest.local	active	t	9526345b-df22-4a0b-95cb-2e6b65c18d58	33b2d0e9-f3c4-41ac-9c8c-8a717c6e62b8		2026-07-13 23:31:56.206
1142fdb4-fd97-4603-800c-923f4052c450	smoke-1783709805664-customer@example.test	active	f	9526345b-df22-4a0b-95cb-2e6b65c18d58	33b2d0e9-f3c4-41ac-9c8c-8a717c6e62b8		2026-07-13 23:31:56.096
1142fdb4-fd97-4603-800c-923f4052c450	smoke-1783709805664-customer@example.test	active	f	9526345b-df22-4a0b-95cb-2e6b65c18d58	33b2d0e9-f3c4-41ac-9c8c-8a717c6e62b8		2026-07-13 23:31:56.206
23070a42-9540-489f-90ab-67fb3c6bfadb	smoke-1783709805664-pending@example.test	active	f	9526345b-df22-4a0b-95cb-2e6b65c18d58	33b2d0e9-f3c4-41ac-9c8c-8a717c6e62b8		2026-07-13 23:31:56.096
23070a42-9540-489f-90ab-67fb3c6bfadb	smoke-1783709805664-pending@example.test	active	f	9526345b-df22-4a0b-95cb-2e6b65c18d58	33b2d0e9-f3c4-41ac-9c8c-8a717c6e62b8		2026-07-13 23:31:56.206
e9baa3dc-9fb9-4cd2-9ae1-161c53920f3f	guest+8e58af38-b60e-49aa-8a57-d021ec23b988@guest.local	active	t	9526345b-df22-4a0b-95cb-2e6b65c18d58	33b2d0e9-f3c4-41ac-9c8c-8a717c6e62b8		2026-07-13 23:31:56.096
e9baa3dc-9fb9-4cd2-9ae1-161c53920f3f	guest+8e58af38-b60e-49aa-8a57-d021ec23b988@guest.local	active	t	9526345b-df22-4a0b-95cb-2e6b65c18d58	33b2d0e9-f3c4-41ac-9c8c-8a717c6e62b8		2026-07-13 23:31:56.206
eebcd760-ce41-4a78-bd12-acdd372461dd	guest+043dd9ef-a722-44ae-aaee-c4a8722b9659@guest.local	active	t	9526345b-df22-4a0b-95cb-2e6b65c18d58	33b2d0e9-f3c4-41ac-9c8c-8a717c6e62b8		2026-07-13 23:31:56.096
eebcd760-ce41-4a78-bd12-acdd372461dd	guest+043dd9ef-a722-44ae-aaee-c4a8722b9659@guest.local	active	t	9526345b-df22-4a0b-95cb-2e6b65c18d58	33b2d0e9-f3c4-41ac-9c8c-8a717c6e62b8		2026-07-13 23:31:56.206
597f3609-0543-40f6-b787-258de292d19c	guest+3111ba0e-cbaf-4654-a544-583ddfaabc24@guest.local	active	t	9526345b-df22-4a0b-95cb-2e6b65c18d58	33b2d0e9-f3c4-41ac-9c8c-8a717c6e62b8		2026-07-13 23:31:56.096
597f3609-0543-40f6-b787-258de292d19c	guest+3111ba0e-cbaf-4654-a544-583ddfaabc24@guest.local	active	t	9526345b-df22-4a0b-95cb-2e6b65c18d58	33b2d0e9-f3c4-41ac-9c8c-8a717c6e62b8		2026-07-13 23:31:56.206
b6592e8f-3aa5-4f76-a43d-07d2f1239fe9	guest+f5288793-3ece-4e73-be9d-00f7e0424a97@guest.local	active	t	9526345b-df22-4a0b-95cb-2e6b65c18d58	33b2d0e9-f3c4-41ac-9c8c-8a717c6e62b8		2026-07-13 23:31:56.096
b6592e8f-3aa5-4f76-a43d-07d2f1239fe9	guest+f5288793-3ece-4e73-be9d-00f7e0424a97@guest.local	active	t	9526345b-df22-4a0b-95cb-2e6b65c18d58	33b2d0e9-f3c4-41ac-9c8c-8a717c6e62b8		2026-07-13 23:31:56.206
7f09417f-d3cc-41db-8798-48794e76b825	smoke-1783710047177-pending@example.test	active	f	9526345b-df22-4a0b-95cb-2e6b65c18d58	33b2d0e9-f3c4-41ac-9c8c-8a717c6e62b8		2026-07-13 23:31:56.096
7f09417f-d3cc-41db-8798-48794e76b825	smoke-1783710047177-pending@example.test	active	f	9526345b-df22-4a0b-95cb-2e6b65c18d58	33b2d0e9-f3c4-41ac-9c8c-8a717c6e62b8		2026-07-13 23:31:56.206
ab81b7e3-84c4-404b-96b7-8f11ebbe0ebd	guest+5128588d-1b37-4014-9314-aee5cec0e037@guest.local	active	t	9526345b-df22-4a0b-95cb-2e6b65c18d58	33b2d0e9-f3c4-41ac-9c8c-8a717c6e62b8		2026-07-13 23:31:56.096
ab81b7e3-84c4-404b-96b7-8f11ebbe0ebd	guest+5128588d-1b37-4014-9314-aee5cec0e037@guest.local	active	t	9526345b-df22-4a0b-95cb-2e6b65c18d58	33b2d0e9-f3c4-41ac-9c8c-8a717c6e62b8		2026-07-13 23:31:56.206
5cd63409-9e00-4748-9f4c-3312299d9fe6	guest+a2de8382-9ba4-4807-a339-87ca646b7736@guest.local	active	t	9526345b-df22-4a0b-95cb-2e6b65c18d58	33b2d0e9-f3c4-41ac-9c8c-8a717c6e62b8		2026-07-13 23:31:56.096
5cd63409-9e00-4748-9f4c-3312299d9fe6	guest+a2de8382-9ba4-4807-a339-87ca646b7736@guest.local	active	t	9526345b-df22-4a0b-95cb-2e6b65c18d58	33b2d0e9-f3c4-41ac-9c8c-8a717c6e62b8		2026-07-13 23:31:56.206
1e5bc9ac-4ffe-4cf1-b804-3db0f4875c4d	guest+b4212d35-6040-4883-b092-cf2f15747396@guest.local	active	t	9526345b-df22-4a0b-95cb-2e6b65c18d58	33b2d0e9-f3c4-41ac-9c8c-8a717c6e62b8		2026-07-13 23:31:56.096
1e5bc9ac-4ffe-4cf1-b804-3db0f4875c4d	guest+b4212d35-6040-4883-b092-cf2f15747396@guest.local	active	t	9526345b-df22-4a0b-95cb-2e6b65c18d58	33b2d0e9-f3c4-41ac-9c8c-8a717c6e62b8		2026-07-13 23:31:56.206
28044f1e-e8ae-4ecc-ae00-9564c88849d4	guest+6f3d1526-ce11-4574-9317-7feb7e2c19a3@guest.local	active	t	9526345b-df22-4a0b-95cb-2e6b65c18d58	33b2d0e9-f3c4-41ac-9c8c-8a717c6e62b8		2026-07-13 23:31:56.096
28044f1e-e8ae-4ecc-ae00-9564c88849d4	guest+6f3d1526-ce11-4574-9317-7feb7e2c19a3@guest.local	active	t	9526345b-df22-4a0b-95cb-2e6b65c18d58	33b2d0e9-f3c4-41ac-9c8c-8a717c6e62b8		2026-07-13 23:31:56.206
2b3bb248-6f8a-440e-b371-ada74508fd2d	smoke-1783710149828-pending@example.test	active	f	9526345b-df22-4a0b-95cb-2e6b65c18d58	33b2d0e9-f3c4-41ac-9c8c-8a717c6e62b8		2026-07-13 23:31:56.096
2b3bb248-6f8a-440e-b371-ada74508fd2d	smoke-1783710149828-pending@example.test	active	f	9526345b-df22-4a0b-95cb-2e6b65c18d58	33b2d0e9-f3c4-41ac-9c8c-8a717c6e62b8		2026-07-13 23:31:56.206
b2952014-de58-45e3-a6ca-bced9a77c06e	guest+29e49fae-5751-4c16-9077-62a100067d95@guest.local	active	t	9526345b-df22-4a0b-95cb-2e6b65c18d58	33b2d0e9-f3c4-41ac-9c8c-8a717c6e62b8		2026-07-13 23:31:56.096
b2952014-de58-45e3-a6ca-bced9a77c06e	guest+29e49fae-5751-4c16-9077-62a100067d95@guest.local	active	t	9526345b-df22-4a0b-95cb-2e6b65c18d58	33b2d0e9-f3c4-41ac-9c8c-8a717c6e62b8		2026-07-13 23:31:56.206
82c5384a-7868-45ee-9779-cac23aa86f7a	guest+b051f92f-0a1b-4f09-928e-911b6b6aba80@guest.local	active	t	9526345b-df22-4a0b-95cb-2e6b65c18d58	33b2d0e9-f3c4-41ac-9c8c-8a717c6e62b8		2026-07-13 23:31:56.096
82c5384a-7868-45ee-9779-cac23aa86f7a	guest+b051f92f-0a1b-4f09-928e-911b6b6aba80@guest.local	active	t	9526345b-df22-4a0b-95cb-2e6b65c18d58	33b2d0e9-f3c4-41ac-9c8c-8a717c6e62b8		2026-07-13 23:31:56.206
75b59490-3fb0-41f9-92a0-43e2baf23ce3	guest+7b375fa8-bd2e-4dcc-8720-1bacab41a1ca@guest.local	active	t	9526345b-df22-4a0b-95cb-2e6b65c18d58	33b2d0e9-f3c4-41ac-9c8c-8a717c6e62b8		2026-07-13 23:31:56.096
75b59490-3fb0-41f9-92a0-43e2baf23ce3	guest+7b375fa8-bd2e-4dcc-8720-1bacab41a1ca@guest.local	active	t	9526345b-df22-4a0b-95cb-2e6b65c18d58	33b2d0e9-f3c4-41ac-9c8c-8a717c6e62b8		2026-07-13 23:31:56.206
affc103a-daf8-4478-b0c8-74576bce7ab4	guest+73032b63-f44b-4e95-afb5-47719bacabdc@guest.local	active	t	9526345b-df22-4a0b-95cb-2e6b65c18d58	33b2d0e9-f3c4-41ac-9c8c-8a717c6e62b8		2026-07-13 23:31:56.096
affc103a-daf8-4478-b0c8-74576bce7ab4	guest+73032b63-f44b-4e95-afb5-47719bacabdc@guest.local	active	t	9526345b-df22-4a0b-95cb-2e6b65c18d58	33b2d0e9-f3c4-41ac-9c8c-8a717c6e62b8		2026-07-13 23:31:56.206
4a254800-15db-479f-9c75-656bdf5aa7ce	smoke-1783710205833-pending@example.test	active	f	9526345b-df22-4a0b-95cb-2e6b65c18d58	33b2d0e9-f3c4-41ac-9c8c-8a717c6e62b8		2026-07-13 23:31:56.096
4a254800-15db-479f-9c75-656bdf5aa7ce	smoke-1783710205833-pending@example.test	active	f	9526345b-df22-4a0b-95cb-2e6b65c18d58	33b2d0e9-f3c4-41ac-9c8c-8a717c6e62b8		2026-07-13 23:31:56.206
6f41bbb1-7456-497a-b218-e97fb26a309b	guest+95e02774-30e4-44d8-8ca1-ffeaa0cc60a2@guest.local	active	t	9526345b-df22-4a0b-95cb-2e6b65c18d58	33b2d0e9-f3c4-41ac-9c8c-8a717c6e62b8		2026-07-13 23:31:56.096
6f41bbb1-7456-497a-b218-e97fb26a309b	guest+95e02774-30e4-44d8-8ca1-ffeaa0cc60a2@guest.local	active	t	9526345b-df22-4a0b-95cb-2e6b65c18d58	33b2d0e9-f3c4-41ac-9c8c-8a717c6e62b8		2026-07-13 23:31:56.206
3e020675-5d02-4e60-8a98-bb0081294999	guest+fd49254d-6960-41fd-96aa-78d115744ca4@guest.local	active	t	9526345b-df22-4a0b-95cb-2e6b65c18d58	33b2d0e9-f3c4-41ac-9c8c-8a717c6e62b8		2026-07-13 23:31:56.096
3e020675-5d02-4e60-8a98-bb0081294999	guest+fd49254d-6960-41fd-96aa-78d115744ca4@guest.local	active	t	9526345b-df22-4a0b-95cb-2e6b65c18d58	33b2d0e9-f3c4-41ac-9c8c-8a717c6e62b8		2026-07-13 23:31:56.206
60572d00-d498-4365-9bed-59def7175060	guest+46a1cfc4-ee2a-40c6-a69a-192655fb3e27@guest.local	active	t	9526345b-df22-4a0b-95cb-2e6b65c18d58	33b2d0e9-f3c4-41ac-9c8c-8a717c6e62b8		2026-07-13 23:31:56.096
60572d00-d498-4365-9bed-59def7175060	guest+46a1cfc4-ee2a-40c6-a69a-192655fb3e27@guest.local	active	t	9526345b-df22-4a0b-95cb-2e6b65c18d58	33b2d0e9-f3c4-41ac-9c8c-8a717c6e62b8		2026-07-13 23:31:56.206
5e39d649-ea36-4c9a-a7ec-4bd94ce7affb	guest+b36ee78c-6bd9-469c-8986-79ac07d91812@guest.local	active	t	9526345b-df22-4a0b-95cb-2e6b65c18d58	33b2d0e9-f3c4-41ac-9c8c-8a717c6e62b8		2026-07-13 23:31:56.096
5e39d649-ea36-4c9a-a7ec-4bd94ce7affb	guest+b36ee78c-6bd9-469c-8986-79ac07d91812@guest.local	active	t	9526345b-df22-4a0b-95cb-2e6b65c18d58	33b2d0e9-f3c4-41ac-9c8c-8a717c6e62b8		2026-07-13 23:31:56.206
76a04906-f3f9-4648-a257-d2713c3bc931	smoke-1783710329107-pending@example.test	active	f	9526345b-df22-4a0b-95cb-2e6b65c18d58	33b2d0e9-f3c4-41ac-9c8c-8a717c6e62b8		2026-07-13 23:31:56.096
76a04906-f3f9-4648-a257-d2713c3bc931	smoke-1783710329107-pending@example.test	active	f	9526345b-df22-4a0b-95cb-2e6b65c18d58	33b2d0e9-f3c4-41ac-9c8c-8a717c6e62b8		2026-07-13 23:31:56.206
562654c9-5ff4-43c5-a42c-5fcbb78ed3ff	guest+d66e4025-7882-4672-b3a6-4b431d4bd2bc@guest.local	active	t	9526345b-df22-4a0b-95cb-2e6b65c18d58	33b2d0e9-f3c4-41ac-9c8c-8a717c6e62b8		2026-07-13 23:31:56.096
562654c9-5ff4-43c5-a42c-5fcbb78ed3ff	guest+d66e4025-7882-4672-b3a6-4b431d4bd2bc@guest.local	active	t	9526345b-df22-4a0b-95cb-2e6b65c18d58	33b2d0e9-f3c4-41ac-9c8c-8a717c6e62b8		2026-07-13 23:31:56.206
81838141-844a-42db-9cb4-6b5fe48d0861	guest+83246830-5957-4117-8ae7-7b0359301d36@guest.local	active	t	9526345b-df22-4a0b-95cb-2e6b65c18d58	33b2d0e9-f3c4-41ac-9c8c-8a717c6e62b8		2026-07-13 23:31:56.096
81838141-844a-42db-9cb4-6b5fe48d0861	guest+83246830-5957-4117-8ae7-7b0359301d36@guest.local	active	t	9526345b-df22-4a0b-95cb-2e6b65c18d58	33b2d0e9-f3c4-41ac-9c8c-8a717c6e62b8		2026-07-13 23:31:56.206
2c5e03a8-35b6-4fce-8a2a-56567250ab89	guest+94741483-eec3-43f9-a82a-ba163a6576f3@guest.local	active	t	9526345b-df22-4a0b-95cb-2e6b65c18d58	33b2d0e9-f3c4-41ac-9c8c-8a717c6e62b8		2026-07-13 23:31:56.096
2c5e03a8-35b6-4fce-8a2a-56567250ab89	guest+94741483-eec3-43f9-a82a-ba163a6576f3@guest.local	active	t	9526345b-df22-4a0b-95cb-2e6b65c18d58	33b2d0e9-f3c4-41ac-9c8c-8a717c6e62b8		2026-07-13 23:31:56.206
678922a4-371c-49e6-bb35-273825df4641	guest+7d5b09d2-37f0-4614-a674-d709c75c83ae@guest.local	active	t	9526345b-df22-4a0b-95cb-2e6b65c18d58	33b2d0e9-f3c4-41ac-9c8c-8a717c6e62b8		2026-07-13 23:31:56.096
678922a4-371c-49e6-bb35-273825df4641	guest+7d5b09d2-37f0-4614-a674-d709c75c83ae@guest.local	active	t	9526345b-df22-4a0b-95cb-2e6b65c18d58	33b2d0e9-f3c4-41ac-9c8c-8a717c6e62b8		2026-07-13 23:31:56.206
df85055b-7e90-4501-ba08-bf05dd090072	smoke-1783710388756-pending@example.test	active	f	9526345b-df22-4a0b-95cb-2e6b65c18d58	33b2d0e9-f3c4-41ac-9c8c-8a717c6e62b8		2026-07-13 23:31:56.096
df85055b-7e90-4501-ba08-bf05dd090072	smoke-1783710388756-pending@example.test	active	f	9526345b-df22-4a0b-95cb-2e6b65c18d58	33b2d0e9-f3c4-41ac-9c8c-8a717c6e62b8		2026-07-13 23:31:56.206
596ba645-e1b9-4bab-b9f6-a8b935c12cf5	guest+479b6f28-407b-4ff3-a6b5-d6f3a0c9ff5e@guest.local	active	t	9526345b-df22-4a0b-95cb-2e6b65c18d58	33b2d0e9-f3c4-41ac-9c8c-8a717c6e62b8		2026-07-13 23:31:56.096
596ba645-e1b9-4bab-b9f6-a8b935c12cf5	guest+479b6f28-407b-4ff3-a6b5-d6f3a0c9ff5e@guest.local	active	t	9526345b-df22-4a0b-95cb-2e6b65c18d58	33b2d0e9-f3c4-41ac-9c8c-8a717c6e62b8		2026-07-13 23:31:56.206
6f668774-49f6-4eb9-b778-73956a3b5117	guest+a7e3b09b-cb8c-437b-8d8e-d59fe332d6ec@guest.local	active	t	9526345b-df22-4a0b-95cb-2e6b65c18d58	33b2d0e9-f3c4-41ac-9c8c-8a717c6e62b8		2026-07-13 23:31:56.096
6f668774-49f6-4eb9-b778-73956a3b5117	guest+a7e3b09b-cb8c-437b-8d8e-d59fe332d6ec@guest.local	active	t	9526345b-df22-4a0b-95cb-2e6b65c18d58	33b2d0e9-f3c4-41ac-9c8c-8a717c6e62b8		2026-07-13 23:31:56.206
e916dcf3-e1f4-43f0-85f2-70a2dc13aa1e	guest+ee1fb56b-264a-44f0-a1a8-c76193de6da0@guest.local	active	t	9526345b-df22-4a0b-95cb-2e6b65c18d58	33b2d0e9-f3c4-41ac-9c8c-8a717c6e62b8		2026-07-13 23:31:56.096
e916dcf3-e1f4-43f0-85f2-70a2dc13aa1e	guest+ee1fb56b-264a-44f0-a1a8-c76193de6da0@guest.local	active	t	9526345b-df22-4a0b-95cb-2e6b65c18d58	33b2d0e9-f3c4-41ac-9c8c-8a717c6e62b8		2026-07-13 23:31:56.206
8f36aa94-ddb8-4016-9a1f-6bfa1ad849e7	guest+6d703151-381b-4235-9712-475b7a8b120d@guest.local	active	t	9526345b-df22-4a0b-95cb-2e6b65c18d58	33b2d0e9-f3c4-41ac-9c8c-8a717c6e62b8		2026-07-13 23:31:56.096
8f36aa94-ddb8-4016-9a1f-6bfa1ad849e7	guest+6d703151-381b-4235-9712-475b7a8b120d@guest.local	active	t	9526345b-df22-4a0b-95cb-2e6b65c18d58	33b2d0e9-f3c4-41ac-9c8c-8a717c6e62b8		2026-07-13 23:31:56.206
6e6da788-7094-4cfc-be2a-4e4d0b036aad	smoke-1783714725495-pending@example.test	active	f	9526345b-df22-4a0b-95cb-2e6b65c18d58	33b2d0e9-f3c4-41ac-9c8c-8a717c6e62b8		2026-07-13 23:31:56.096
6e6da788-7094-4cfc-be2a-4e4d0b036aad	smoke-1783714725495-pending@example.test	active	f	9526345b-df22-4a0b-95cb-2e6b65c18d58	33b2d0e9-f3c4-41ac-9c8c-8a717c6e62b8		2026-07-13 23:31:56.206
4fa8bd03-1b73-46a0-83c1-1dcb4aad22b2	guest+69d8df1f-830d-45fd-82e7-1dc5eac55f07@guest.local	active	t	9526345b-df22-4a0b-95cb-2e6b65c18d58	33b2d0e9-f3c4-41ac-9c8c-8a717c6e62b8		2026-07-13 23:31:56.096
4fa8bd03-1b73-46a0-83c1-1dcb4aad22b2	guest+69d8df1f-830d-45fd-82e7-1dc5eac55f07@guest.local	active	t	9526345b-df22-4a0b-95cb-2e6b65c18d58	33b2d0e9-f3c4-41ac-9c8c-8a717c6e62b8		2026-07-13 23:31:56.206
921b70db-ab80-4620-aa94-3b35c8a6fa6a	guest+09d67a22-9d3c-431a-a07e-ee720027ddc4@guest.local	active	t	9526345b-df22-4a0b-95cb-2e6b65c18d58	33b2d0e9-f3c4-41ac-9c8c-8a717c6e62b8		2026-07-13 23:31:56.096
921b70db-ab80-4620-aa94-3b35c8a6fa6a	guest+09d67a22-9d3c-431a-a07e-ee720027ddc4@guest.local	active	t	9526345b-df22-4a0b-95cb-2e6b65c18d58	33b2d0e9-f3c4-41ac-9c8c-8a717c6e62b8		2026-07-13 23:31:56.206
8899d55b-bddd-4944-b22e-d59c0b9ad053	guest+bc2e3c38-575b-442a-a1d5-d25962c00429@guest.local	active	t	9526345b-df22-4a0b-95cb-2e6b65c18d58	33b2d0e9-f3c4-41ac-9c8c-8a717c6e62b8		2026-07-13 23:31:56.096
8899d55b-bddd-4944-b22e-d59c0b9ad053	guest+bc2e3c38-575b-442a-a1d5-d25962c00429@guest.local	active	t	9526345b-df22-4a0b-95cb-2e6b65c18d58	33b2d0e9-f3c4-41ac-9c8c-8a717c6e62b8		2026-07-13 23:31:56.206
594b4bff-8c19-43cd-baef-cc1a9376bf0b	guest+40e32ea3-27d2-47a2-8234-460f4a456fa2@guest.local	active	t	9526345b-df22-4a0b-95cb-2e6b65c18d58	33b2d0e9-f3c4-41ac-9c8c-8a717c6e62b8		2026-07-13 23:31:56.096
594b4bff-8c19-43cd-baef-cc1a9376bf0b	guest+40e32ea3-27d2-47a2-8234-460f4a456fa2@guest.local	active	t	9526345b-df22-4a0b-95cb-2e6b65c18d58	33b2d0e9-f3c4-41ac-9c8c-8a717c6e62b8		2026-07-13 23:31:56.206
c1616052-a0a8-423d-8567-1f21dc43a98c	smoke-1783714813896-pending@example.test	active	f	9526345b-df22-4a0b-95cb-2e6b65c18d58	33b2d0e9-f3c4-41ac-9c8c-8a717c6e62b8		2026-07-13 23:31:56.096
c1616052-a0a8-423d-8567-1f21dc43a98c	smoke-1783714813896-pending@example.test	active	f	9526345b-df22-4a0b-95cb-2e6b65c18d58	33b2d0e9-f3c4-41ac-9c8c-8a717c6e62b8		2026-07-13 23:31:56.206
1c64c22d-2f8d-4c08-b5d1-b885c9aa7c76	guest+d7ae9457-5775-49c1-a06f-9caa96091f20@guest.local	active	t	9526345b-df22-4a0b-95cb-2e6b65c18d58	33b2d0e9-f3c4-41ac-9c8c-8a717c6e62b8		2026-07-13 23:31:56.096
1c64c22d-2f8d-4c08-b5d1-b885c9aa7c76	guest+d7ae9457-5775-49c1-a06f-9caa96091f20@guest.local	active	t	9526345b-df22-4a0b-95cb-2e6b65c18d58	33b2d0e9-f3c4-41ac-9c8c-8a717c6e62b8		2026-07-13 23:31:56.206
381fa33d-e3aa-415a-9183-29e0c30fa0ed	guest+86be2909-796d-4ad6-8acb-f1bba9be2963@guest.local	active	t	9526345b-df22-4a0b-95cb-2e6b65c18d58	33b2d0e9-f3c4-41ac-9c8c-8a717c6e62b8		2026-07-13 23:31:56.096
381fa33d-e3aa-415a-9183-29e0c30fa0ed	guest+86be2909-796d-4ad6-8acb-f1bba9be2963@guest.local	active	t	9526345b-df22-4a0b-95cb-2e6b65c18d58	33b2d0e9-f3c4-41ac-9c8c-8a717c6e62b8		2026-07-13 23:31:56.206
9e51fe8c-da51-4170-b9f6-b27d771007be	guest+e2cb4b3c-a3dd-4172-9969-e5723de6a1fb@guest.local	active	t	9526345b-df22-4a0b-95cb-2e6b65c18d58	33b2d0e9-f3c4-41ac-9c8c-8a717c6e62b8		2026-07-13 23:31:56.096
9e51fe8c-da51-4170-b9f6-b27d771007be	guest+e2cb4b3c-a3dd-4172-9969-e5723de6a1fb@guest.local	active	t	9526345b-df22-4a0b-95cb-2e6b65c18d58	33b2d0e9-f3c4-41ac-9c8c-8a717c6e62b8		2026-07-13 23:31:56.206
ed361d82-2ad9-4cf9-95ad-96f3143eac64	guest+d49d57ab-f1b2-4bbd-a1be-e47303e6caed@guest.local	active	t	9526345b-df22-4a0b-95cb-2e6b65c18d58	33b2d0e9-f3c4-41ac-9c8c-8a717c6e62b8		2026-07-13 23:31:56.096
ed361d82-2ad9-4cf9-95ad-96f3143eac64	guest+d49d57ab-f1b2-4bbd-a1be-e47303e6caed@guest.local	active	t	9526345b-df22-4a0b-95cb-2e6b65c18d58	33b2d0e9-f3c4-41ac-9c8c-8a717c6e62b8		2026-07-13 23:31:56.206
26d15a4b-2aba-485e-939e-69b1668da99d	smoke-1783717043824-pending@example.test	active	f	9526345b-df22-4a0b-95cb-2e6b65c18d58	33b2d0e9-f3c4-41ac-9c8c-8a717c6e62b8		2026-07-13 23:31:56.096
26d15a4b-2aba-485e-939e-69b1668da99d	smoke-1783717043824-pending@example.test	active	f	9526345b-df22-4a0b-95cb-2e6b65c18d58	33b2d0e9-f3c4-41ac-9c8c-8a717c6e62b8		2026-07-13 23:31:56.206
c8a9e5ad-9150-4f23-a34d-ff3e154aff07	guest+69673824-53cc-42dc-9b97-695f4b181163@guest.local	active	t	9526345b-df22-4a0b-95cb-2e6b65c18d58	33b2d0e9-f3c4-41ac-9c8c-8a717c6e62b8		2026-07-13 23:31:56.096
c8a9e5ad-9150-4f23-a34d-ff3e154aff07	guest+69673824-53cc-42dc-9b97-695f4b181163@guest.local	active	t	9526345b-df22-4a0b-95cb-2e6b65c18d58	33b2d0e9-f3c4-41ac-9c8c-8a717c6e62b8		2026-07-13 23:31:56.206
8c86f1bc-838c-4f17-8fb3-ed93e21b3828	guest+6c5df31e-7b42-4525-b796-27d681b3f522@guest.local	active	t	9526345b-df22-4a0b-95cb-2e6b65c18d58	33b2d0e9-f3c4-41ac-9c8c-8a717c6e62b8		2026-07-13 23:31:56.096
8c86f1bc-838c-4f17-8fb3-ed93e21b3828	guest+6c5df31e-7b42-4525-b796-27d681b3f522@guest.local	active	t	9526345b-df22-4a0b-95cb-2e6b65c18d58	33b2d0e9-f3c4-41ac-9c8c-8a717c6e62b8		2026-07-13 23:31:56.206
ee964f2a-dec5-4a30-afb5-53259b873751	guest+bedd420e-120f-4249-8627-4c041e20aa0c@guest.local	active	t	9526345b-df22-4a0b-95cb-2e6b65c18d58	33b2d0e9-f3c4-41ac-9c8c-8a717c6e62b8		2026-07-13 23:31:56.096
ee964f2a-dec5-4a30-afb5-53259b873751	guest+bedd420e-120f-4249-8627-4c041e20aa0c@guest.local	active	t	9526345b-df22-4a0b-95cb-2e6b65c18d58	33b2d0e9-f3c4-41ac-9c8c-8a717c6e62b8		2026-07-13 23:31:56.206
2c99fd92-37c3-4356-8bbd-6f08da1d1df2	guest+6c035bd2-8489-43d8-894b-8c6e1024186e@guest.local	active	t	9526345b-df22-4a0b-95cb-2e6b65c18d58	33b2d0e9-f3c4-41ac-9c8c-8a717c6e62b8		2026-07-13 23:31:56.096
2c99fd92-37c3-4356-8bbd-6f08da1d1df2	guest+6c035bd2-8489-43d8-894b-8c6e1024186e@guest.local	active	t	9526345b-df22-4a0b-95cb-2e6b65c18d58	33b2d0e9-f3c4-41ac-9c8c-8a717c6e62b8		2026-07-13 23:31:56.206
6a159523-e18e-4ba1-bd8a-6293ffeb3982	smoke-1783718926981-pending@example.test	active	f	9526345b-df22-4a0b-95cb-2e6b65c18d58	33b2d0e9-f3c4-41ac-9c8c-8a717c6e62b8		2026-07-13 23:31:56.096
6a159523-e18e-4ba1-bd8a-6293ffeb3982	smoke-1783718926981-pending@example.test	active	f	9526345b-df22-4a0b-95cb-2e6b65c18d58	33b2d0e9-f3c4-41ac-9c8c-8a717c6e62b8		2026-07-13 23:31:56.206
86956112-e30d-41d3-ac37-430351342a0d	guest+0bbafa1b-13ab-4503-973b-5ca022b82ca5@guest.local	active	t	9526345b-df22-4a0b-95cb-2e6b65c18d58	33b2d0e9-f3c4-41ac-9c8c-8a717c6e62b8		2026-07-13 23:31:56.096
86956112-e30d-41d3-ac37-430351342a0d	guest+0bbafa1b-13ab-4503-973b-5ca022b82ca5@guest.local	active	t	9526345b-df22-4a0b-95cb-2e6b65c18d58	33b2d0e9-f3c4-41ac-9c8c-8a717c6e62b8		2026-07-13 23:31:56.206
77b97d8a-3d7d-41d5-b2ec-fb205a59c726	guest+ab7568f4-72e7-443b-8671-2935f5014d7c@guest.local	active	t	9526345b-df22-4a0b-95cb-2e6b65c18d58	33b2d0e9-f3c4-41ac-9c8c-8a717c6e62b8		2026-07-13 23:31:56.096
77b97d8a-3d7d-41d5-b2ec-fb205a59c726	guest+ab7568f4-72e7-443b-8671-2935f5014d7c@guest.local	active	t	9526345b-df22-4a0b-95cb-2e6b65c18d58	33b2d0e9-f3c4-41ac-9c8c-8a717c6e62b8		2026-07-13 23:31:56.206
6ff7409a-0d1b-47e8-9ff1-e7b8a5c7226f	guest+125e638f-f8ac-4edc-a998-c6324431d0a7@guest.local	active	t	9526345b-df22-4a0b-95cb-2e6b65c18d58	33b2d0e9-f3c4-41ac-9c8c-8a717c6e62b8		2026-07-13 23:31:56.096
6ff7409a-0d1b-47e8-9ff1-e7b8a5c7226f	guest+125e638f-f8ac-4edc-a998-c6324431d0a7@guest.local	active	t	9526345b-df22-4a0b-95cb-2e6b65c18d58	33b2d0e9-f3c4-41ac-9c8c-8a717c6e62b8		2026-07-13 23:31:56.206
bdff22b8-c728-4c80-a0d5-037642bf94a8	guest+4663b540-8758-462f-a479-174b0b7f0719@guest.local	active	t	9526345b-df22-4a0b-95cb-2e6b65c18d58	33b2d0e9-f3c4-41ac-9c8c-8a717c6e62b8		2026-07-13 23:31:56.096
bdff22b8-c728-4c80-a0d5-037642bf94a8	guest+4663b540-8758-462f-a479-174b0b7f0719@guest.local	active	t	9526345b-df22-4a0b-95cb-2e6b65c18d58	33b2d0e9-f3c4-41ac-9c8c-8a717c6e62b8		2026-07-13 23:31:56.206
4ae17a1b-336a-4471-b908-1fbbe6376a65	qa-a1-1783719097411-a@example.test	active	f	9526345b-df22-4a0b-95cb-2e6b65c18d58	33b2d0e9-f3c4-41ac-9c8c-8a717c6e62b8		2026-07-13 23:31:56.096
4ae17a1b-336a-4471-b908-1fbbe6376a65	qa-a1-1783719097411-a@example.test	active	f	9526345b-df22-4a0b-95cb-2e6b65c18d58	33b2d0e9-f3c4-41ac-9c8c-8a717c6e62b8		2026-07-13 23:31:56.206
9d34a0e6-2253-4de3-8250-9b4899fd6b7d	qa-a1-1783719115308-a@example.test	active	f	9526345b-df22-4a0b-95cb-2e6b65c18d58	33b2d0e9-f3c4-41ac-9c8c-8a717c6e62b8		2026-07-13 23:31:56.096
9d34a0e6-2253-4de3-8250-9b4899fd6b7d	qa-a1-1783719115308-a@example.test	active	f	9526345b-df22-4a0b-95cb-2e6b65c18d58	33b2d0e9-f3c4-41ac-9c8c-8a717c6e62b8		2026-07-13 23:31:56.206
bfd17345-4361-4422-9529-cef04f404b21	qa-a1-1783719115308-b@example.test	active	f	9526345b-df22-4a0b-95cb-2e6b65c18d58	33b2d0e9-f3c4-41ac-9c8c-8a717c6e62b8		2026-07-13 23:31:56.096
bfd17345-4361-4422-9529-cef04f404b21	qa-a1-1783719115308-b@example.test	active	f	9526345b-df22-4a0b-95cb-2e6b65c18d58	33b2d0e9-f3c4-41ac-9c8c-8a717c6e62b8		2026-07-13 23:31:56.206
33b2d0e9-f3c4-41ac-9c8c-8a717c6e62b8	guest+9526345b-df22-4a0b-95cb-2e6b65c18d58@guest.local	active	t	9526345b-df22-4a0b-95cb-2e6b65c18d58	33b2d0e9-f3c4-41ac-9c8c-8a717c6e62b8		2026-07-13 23:31:56.096
33b2d0e9-f3c4-41ac-9c8c-8a717c6e62b8	guest+9526345b-df22-4a0b-95cb-2e6b65c18d58@guest.local	active	t	9526345b-df22-4a0b-95cb-2e6b65c18d58	33b2d0e9-f3c4-41ac-9c8c-8a717c6e62b8		2026-07-13 23:31:56.206
(356 rows)
